,horizon,mse,rmse,mae,mape,mdape,smape,coverage
0,9 days 00:00:00,20025035.344258867,4474.9341161919765,3489.6885131503236,0.18893431334612937,0.15087178377147228,0.1898046379568576,0.5397465437788019
1,9 days 03:00:00,20336321.421924252,4509.581069448053,3522.553266818178,0.1902683215195296,0.1522255508857953,0.19119997497454458,0.5357142857142859
2,9 days 06:00:00,20616443.182582825,4540.533358822819,3545.37241374126,0.19118443726164863,0.1533074021760852,0.1921951096000983,0.5336981566820278
3,9 days 09:00:00,20859054.366131384,4567.171374727621,3569.5830960683447,0.1920757719771346,0.15360072777794498,0.19317754466159923,0.527937788018433
4,9 days 12:00:00,21177514.769857276,4601.903385541386,3602.7671918140113,0.1935025743059721,0.15360072777794498,0.19462164787367237,0.5236175115207374
5,9 days 15:00:00,21455532.12727593,4632.011671755149,3633.259170326527,0.19469794666750365,0.15438048719138514,0.19579019651287907,0.5195852534562212
6,9 days 18:00:00,21716424.085833777,4660.088420387941,3659.0859308455397,0.1959574972393881,0.15865753701827473,0.19704759224086124,0.5158410138248847
7,9 days 21:00:00,21836682.354514252,4672.9736094390955,3672.2638339577543,0.19632921456093547,0.15941958745304002,0.1974507160235506,0.5115207373271891
8,10 days 00:00:00,21924988.25841427,4682.412653580873,3685.92702049505,0.19690219506869733,0.16024578346984736,0.19799745076670597,0.5092165898617511
9,10 days 03:00:00,22013831.929650225,4691.890016789634,3696.075597429323,0.1972045640719372,0.16100807682733292,0.19823950818820193,0.507200460829493
10,10 days 06:00:00,21942957.62110194,4684.331075095134,3697.4746365615683,0.19744304283397784,0.16351568645543485,0.19845288596820465,0.5072004608294929
11,10 days 09:00:00,21967793.9003722,4686.981320676689,3700.9208382538804,0.19744029325909096,0.16351568645543485,0.19850547577762373,0.507200460829493
12,10 days 12:00:00,22036277.299366653,4694.2813400313635,3708.2449791345302,0.19774013464374526,0.16351568645543485,0.19890744314889958,0.5051843317972349
13,10 days 15:00:00,22146844.26943717,4706.043377343347,3723.0042444386004,0.19824721420027044,0.16351568645543485,0.19947083707712276,0.5014400921658986
14,10 days 18:00:00,22256484.964038722,4717.677920761306,3736.551945285031,0.19897311515939062,0.16734590644385383,0.2002519294097965,0.4991359447004607
15,10 days 21:00:00,22237266.84565318,4715.640661209586,3735.9715554531235,0.19879020160960062,0.16734590644385383,0.2000919308627313,0.4971198156682027
16,11 days 00:00:00,22247124.26284067,4716.685728648949,3740.2379186425796,0.19898879609020684,0.1684854796114055,0.20026270406483912,0.4951036866359448
17,11 days 03:00:00,22376919.754556373,4730.424902115705,3747.1352761668963,0.19910509154407657,0.1684854796114055,0.20024911624291855,0.4951036866359446
18,11 days 06:00:00,22498107.69989447,4743.217020113509,3752.106281833724,0.19940282900555803,0.16974954198444106,0.20041825092821514,0.4951036866359446
19,11 days 09:00:00,22733422.592930596,4767.957905952044,3765.2560660976037,0.1998189997866747,0.16974954198444106,0.2008101737273315,0.49308755760368644
20,11 days 12:00:00,22898482.279961243,4785.235864611194,3784.6801926888734,0.20052572528045381,0.17302193113184589,0.20159232422228063,0.4887672811059908
21,11 days 15:00:00,23104458.65573232,4806.7097536394185,3805.2454147507106,0.20122200371698418,0.1766153333776207,0.20233436116862463,0.4847350230414747
22,11 days 18:00:00,23385049.837275874,4835.809119193589,3828.251714760529,0.20227626915933294,0.17772928682497885,0.2033491848321881,0.4827188940092166
23,11 days 21:00:00,23451822.30164897,4842.7081578027155,3837.555607358387,0.20246745022145957,0.17814535612909632,0.20361971025896347,0.4801267281105992
24,12 days 00:00:00,23482832.83661717,4845.908876218905,3842.4429851478376,0.2025429041400258,0.17897052063715468,0.2037709514282465,0.4795506912442397
25,12 days 03:00:00,23489718.25739174,4846.619260617832,3844.0989217048827,0.20253117707376264,0.1803520322382892,0.20373268256398538,0.480126728110599
26,12 days 06:00:00,23463494.349046737,4843.913123606444,3842.63997293913,0.20248357682273205,0.1798611842085684,0.20367690996610066,0.4815668202764978
27,12 days 09:00:00,23396826.71837834,4837.026640238643,3841.895013129217,0.20252240807395,0.18061925618149546,0.20378530238159567,0.48012672811059914
28,12 days 12:00:00,23384114.149587806,4835.712372503953,3848.6604068669812,0.2029445648525042,0.18085614927469473,0.20425520061128316,0.478110599078341
29,12 days 15:00:00,23397480.863966316,4837.094258329717,3858.0097124711756,0.2034245139051101,0.1811937531681571,0.20470707586223577,0.47609447004608296
30,12 days 18:00:00,23382737.824540425,4835.570062003076,3863.224259530888,0.20393084376401047,0.1851638943121835,0.20516842174568806,0.476094470046083
31,12 days 21:00:00,23352241.40839655,4832.415690769633,3866.797430825321,0.20412716090135238,0.18910775846584577,0.2054047511144486,0.4755184331797236
32,13 days 00:00:00,23340654.000166047,4831.216616978176,3874.4392875197873,0.20442110671278857,0.19128453960569164,0.20578549727286455,0.4740783410138251
33,13 days 03:00:00,23250324.8024985,4821.859060828977,3878.292246168958,0.2045525851139841,0.1979693316242972,0.20608416570956484,0.4720622119815668
34,13 days 06:00:00,23145489.990205895,4810.975991439356,3881.0420716783538,0.20482017142171102,0.19959289956321272,0.20657274751408333,0.4700460829493089
35,13 days 09:00:00,23014881.898217417,4797.382817559739,3879.3935336241375,0.20476029372874535,0.20117547095263902,0.20669412768671974,0.47004608294930883
36,13 days 12:00:00,22907429.588181395,4786.170660160521,3879.217549427249,0.2046744898186821,0.20421122025851696,0.20674487824511165,0.46802995391705077
37,13 days 15:00:00,22835272.52955648,4778.626636341919,3884.8810342288316,0.20480013097163904,0.20439819451813843,0.2069726371588262,0.46601382488479265
38,13 days 18:00:00,22760802.266889673,4770.8282579537145,3890.716996737884,0.2052278094120532,0.20817018269484677,0.2075736987602309,0.4639976958525347
39,13 days 21:00:00,22664538.10615147,4760.728736879625,3892.3991761793322,0.20518455577278694,0.20761288890508714,0.2076916654448381,0.46399769585253464
40,14 days 00:00:00,22598823.90662055,4753.822031441707,3896.2023531257255,0.20514911251407475,0.20761288890508714,0.20775250110077487,0.462557603686636
41,14 days 03:00:00,22540619.19383394,4747.696198561355,3901.2469311437376,0.20528879265529346,0.20737810595371964,0.20796935004100764,0.45996543778801835
42,14 days 06:00:00,22471188.363536023,4740.378504247949,3903.0732508083333,0.20562045062440013,0.20737810595371964,0.2083590038295173,0.4599654377880183
43,14 days 09:00:00,22355824.807893254,4728.194666877967,3897.8646852672096,0.20528079747756012,0.20658701650563738,0.20806754498687077,0.4599654377880183
44,14 days 12:00:00,22340410.677219313,4726.564362961676,3897.719607062634,0.20511979795573995,0.20737810595371964,0.20782293429345403,0.4606854838709676
45,14 days 15:00:00,22234496.553725705,4715.346917643039,3889.698261424564,0.20442937769781505,0.20658701650563738,0.20717312702692414,0.4608294930875577
46,14 days 18:00:00,22121245.02489147,4703.322764269051,3885.0850443208033,0.2042442106734475,0.20658701650563738,0.20707884967095005,0.45679723502304126
47,14 days 21:00:00,21939646.31943294,4683.977617306998,3872.5201596439642,0.20331776855764455,0.20454323994939597,0.20620105839821845,0.45679723502304126
48,15 days 00:00:00,21805634.344253644,4669.650344967345,3860.7809317844567,0.20240523768977708,0.20381722048924114,0.20517323522827338,0.45679723502304126
49,15 days 03:00:00,21803236.89596359,4669.393632578388,3859.53313601063,0.2021753361959156,0.2034756225402286,0.2046858454098184,0.4567972350230413
50,15 days 06:00:00,21792204.419444226,4668.212122370215,3857.5114559799235,0.20218731375838941,0.2032402207947515,0.20441249197099715,0.4588133640552994
51,15 days 09:00:00,21753506.893829666,4664.065489873578,3849.8642434596914,0.20169617447932364,0.20289441319754592,0.20365734419543663,0.460541474654378
52,15 days 12:00:00,21744162.716357805,4663.063662052858,3841.5891296639957,0.2011810274052504,0.20100127589687725,0.20285723322392307,0.46428571428571425
53,15 days 15:00:00,21711498.109913208,4659.559862252358,3830.3577125041065,0.20040651382683355,0.20013558034643686,0.20176863573305423,0.4665898617511519
54,15 days 18:00:00,21659787.01443649,4654.007629391736,3819.2166699572117,0.19992404470418323,0.20013558034643686,0.20110724968352792,0.47033410138248843
55,15 days 21:00:00,21567939.02580699,4644.129522936132,3800.462018938956,0.19879784183609064,0.19922504999039437,0.19974892184938464,0.4763824884792624
56,16 days 00:00:00,21462188.163266886,4632.730098253824,3784.2968600928475,0.19804947205071327,0.1974947231139172,0.19868480595392976,0.4804147465437786
57,16 days 03:00:00,21376032.614685733,4623.422175692561,3775.884171062981,0.19770487246233934,0.19649806212286458,0.1980343286372618,0.4815668202764977
58,16 days 06:00:00,21219460.313129786,4606.458543515809,3760.8351036054864,0.19741513399391208,0.19339583511606506,0.19745922923281684,0.4815668202764977
59,16 days 09:00:00,21041159.27367328,4587.064341566758,3735.6332209912416,0.19633960377404042,0.1900328263647119,0.19613257192910377,0.48559907834101385
60,16 days 12:00:00,20902842.677999277,4571.962672419721,3715.7882497875453,0.19552769674103443,0.1860191674977335,0.19501610557308832,0.48905529953917076
61,16 days 15:00:00,20717591.59995142,4551.658115451051,3694.8356323980515,0.19453483470989177,0.18450730902042978,0.19373767751844348,0.49308755760368655
62,16 days 18:00:00,20601461.97027033,4538.883339574871,3680.648935487526,0.19422769481285226,0.18346196277022764,0.19312023836580952,0.4956797235023041
63,16 days 21:00:00,20440446.90051845,4521.111246200258,3655.8887237813133,0.19308529579208797,0.18168339088959007,0.19173554531111692,0.49971198156682006
64,17 days 00:00:00,20268843.53726815,4502.093239512944,3634.361481866739,0.19217408646488404,0.1803520322382892,0.19057004479664114,0.5037442396313362
65,17 days 03:00:00,20001004.655810345,4472.248277523325,3609.504200317569,0.19109965013702734,0.17833253637137947,0.18931091358801766,0.5063364055299543
66,17 days 06:00:00,19772943.48932749,4446.677803633573,3588.1566219433184,0.19066323235680555,0.17853350170481747,0.18859792496462888,0.5097926267281104
67,17 days 09:00:00,19608000.549295947,4428.092201986759,3571.434692335096,0.18991178212003085,0.17853350170481747,0.18764533828680172,0.511808755760369
68,17 days 12:00:00,19341711.84948121,4397.921310060153,3541.9734830309344,0.18882545164977294,0.1774374120007389,0.18638002987171082,0.5168010752688171
69,17 days 15:00:00,19101728.398455128,4370.552413420428,3519.4086871329837,0.18780251614440097,0.17663635912641001,0.18519078496358962,0.5190092165898619
70,17 days 18:00:00,18969247.548325192,4355.369966871379,3508.3352648218447,0.18777359656642123,0.17567409561109576,0.18494488817005036,0.5210253456221198
71,17 days 21:00:00,18794559.10991743,4335.269208471076,3490.3858675175666,0.18704896676393656,0.17567409561109576,0.1840759769637262,0.5210253456221197
72,18 days 00:00:00,18522528.78602063,4303.78075487363,3465.831838701603,0.18588124050742594,0.17343791887485194,0.18278058151482715,0.523041474654378
73,18 days 03:00:00,18165478.490392245,4262.097897795433,3431.6451855967002,0.18412359086458585,0.17210174442229018,0.1809269633160996,0.5233294930875576
74,18 days 06:00:00,17861581.286764286,4226.29640308915,3402.250516301998,0.18290247042994662,0.16947886104595078,0.17958311086013243,0.5250576036866359
75,18 days 09:00:00,17635454.82781774,4199.458873214231,3381.448967033022,0.1817841683196954,0.16897013323838087,0.17842687670664253,0.5259216589861749
76,18 days 12:00:00,17322506.113427844,4162.031488759767,3348.9913921931598,0.18026024400913251,0.1676570290810313,0.1768387444204897,0.5288018433179723
77,18 days 15:00:00,17024039.930650156,4126.019865518119,3316.5164698498434,0.17869453963342402,0.1659406655959214,0.17522942932919977,0.5308179723502308
78,18 days 18:00:00,16758372.014415167,4093.699062512432,3288.0688157008985,0.17734388478937843,0.16474464070121403,0.17382297226475737,0.5345622119815671
79,18 days 21:00:00,16574980.001555556,4071.2381411010037,3268.0882975468453,0.17641219075698591,0.16346720478523868,0.17282582160578142,0.537442396313364
80,19 days 00:00:00,16374070.410210907,4046.488651931562,3243.1737829424787,0.1751680723241445,0.16303257521523673,0.17147507405249507,0.5423387096774194
81,19 days 03:00:00,16185566.42793272,4023.128935037096,3216.6993036900512,0.17381739026800244,0.16252047183163998,0.17001016405454203,0.5472350230414748
82,19 days 06:00:00,15990430.243105086,3998.8036014669547,3193.751306771671,0.17274771084659324,0.16170248924839292,0.1687756067325033,0.5506912442396318
83,19 days 09:00:00,15821431.278897407,3977.6162810026567,3171.7985193777145,0.1717346607175969,0.16019900290355304,0.16760516863594258,0.5538594470046078
84,19 days 12:00:00,15647281.487751838,3955.6644811904657,3149.1528428835472,0.1706095707961822,0.15895523028679143,0.16629276019710867,0.5570276497695849
85,19 days 15:00:00,15483295.057335287,3934.8818352442668,3128.1426550272326,0.16956856394146813,0.15867573050912026,0.16511566967079444,0.561059907834101
86,19 days 18:00:00,15297467.72504557,3911.1977353549346,3105.5109740344674,0.16852953676780355,0.15773622633656662,0.16397892235241326,0.5650921658986179
87,19 days 21:00:00,15098115.46408695,3885.629352381278,3078.6456934107787,0.16721358837039527,0.15703109868897905,0.16258317102506215,0.5711405529953912
88,20 days 00:00:00,14916311.831547175,3862.164138348754,3051.991399064218,0.16598338761164644,0.15620919344401707,0.1612776629407682,0.5771889400921653
89,20 days 03:00:00,14582923.656521928,3818.759439467473,3017.4497053564846,0.16446480805567304,0.155856422970932,0.15977837194526684,0.5820852534562211
90,20 days 06:00:00,14159498.57372558,3762.910917591005,2978.0686062429622,0.16280811461397773,0.15170559182241683,0.15815928999479675,0.5861175115207371
91,20 days 09:00:00,13714616.379570402,3703.325043737101,2939.509628317321,0.16117899827674648,0.15064770646041117,0.15658500720910395,0.5913018433179721
92,20 days 12:00:00,13324071.661856057,3650.215289795392,2900.1450829182827,0.15951770963792666,0.14616264553115477,0.15495258916718563,0.5981182795698924
93,20 days 15:00:00,12989741.191811318,3604.128353959015,2863.1432332314585,0.1579501308216434,0.1456452127767841,0.15342282520221415,0.6045506912442393
94,20 days 18:00:00,12612634.88161065,3551.4271612424564,2828.8932393280875,0.15661442261589198,0.1445254901406291,0.1521954748902071,0.607142857142857
95,20 days 21:00:00,12308768.535918579,3508.385459997031,2793.633043722003,0.15511947006721502,0.14380394238169017,0.15074518669106368,0.6126152073732718
96,21 days 00:00:00,12050374.607604798,3471.364948778045,2764.0160347196434,0.15391827053125182,0.1429917657046318,0.1495552061335836,0.6186635944700456
97,21 days 03:00:00,11856028.813001737,3443.258458640846,2738.96462291749,0.15273635069410468,0.1429917657046318,0.14839947660602146,0.6212557603686634
98,21 days 06:00:00,11707497.96896813,3421.6221253914246,2718.9408742069218,0.1518137480718086,0.14189184628606627,0.14751708314824102,0.6232718894009216
99,21 days 09:00:00,11593822.552878276,3404.970271952205,2700.7998019306765,0.15090246220452444,0.14075301939440465,0.14662140541144322,0.6267281105990784
100,21 days 12:00:00,11458160.337073974,3384.9904485942016,2679.8813528779083,0.14989717125985938,0.14075301939440465,0.14568834716976506,0.6287442396313369
101,21 days 15:00:00,11268762.063416261,3356.897684383047,2651.8446644913142,0.14854244030225758,0.13956463101002875,0.14443961041571254,0.6327764976958523
102,21 days 18:00:00,11095373.094543913,3330.971794318276,2628.613247748807,0.14743213906727626,0.13907732328093841,0.14349264981270976,0.6353686635944702
103,21 days 21:00:00,10952087.593989808,3309.3938408702293,2607.018554261958,0.1463048952860124,0.13878577339101666,0.1424859471221594,0.6368087557603691
104,22 days 00:00:00,10802430.432366757,3286.705102738418,2585.6147030980433,0.1452381317943673,0.13738537377637997,0.141474454980811,0.6428571428571427
105,22 days 03:00:00,10800367.72003761,3286.3912913768513,2569.080829342226,0.1444291167270566,0.13639134300552883,0.14056980975048514,0.6489055299539168
106,22 days 06:00:00,10809035.644177223,3287.7097870975813,2552.5721207675197,0.1435174678300396,0.13495753292519747,0.13948808655036865,0.6549539170506912
107,22 days 09:00:00,10839597.059320044,3292.3543338043132,2539.248075766494,0.14269283481973438,0.13373760100503676,0.13854691462966418,0.6595622119815671
108,22 days 12:00:00,10874322.874681687,3297.623822494265,2528.2693987897387,0.14211140192988808,0.13230418967392496,0.13792193175236483,0.6650345622119815
109,22 days 15:00:00,10867519.861882182,3296.592158863784,2514.484419431996,0.14138833789506558,0.1312059912070639,0.13721547964558264,0.6690668202764977
110,22 days 18:00:00,10853406.161800966,3294.45081338316,2503.1820636404877,0.14085152845850535,0.12839780665653944,0.13665169611276307,0.6710829493087559
111,22 days 21:00:00,10857710.70087472,3295.104050083202,2491.021397906983,0.14012288002177262,0.12421467466460415,0.13590681289305,0.6736751152073737
112,23 days 00:00:00,10874712.552630225,3297.682906622501,2481.8849423383576,0.13972518508752896,0.12253083152984559,0.1354876330740775,0.6777073732718896
113,23 days 03:00:00,10954323.365103139,3309.731615267791,2474.6344959397447,0.13940645244706096,0.12133418972576245,0.13507655652005343,0.683179723502304
114,23 days 06:00:00,11030309.521314356,3321.1909793497807,2464.978901996307,0.13880026879654309,0.12024856378349913,0.13438962569308893,0.6857718894009219
115,23 days 09:00:00,11113338.475048812,3333.667421181785,2457.1546842822345,0.13827995784737193,0.11911266463125605,0.1337854575372896,0.6898041474654378
116,23 days 12:00:00,11233658.349836463,3351.665011578046,2458.1535585184147,0.13842217799935638,0.11604097807636601,0.13385979470363515,0.691820276497696
117,23 days 15:00:00,11332361.216108274,3366.357262102208,2456.218078406704,0.13841627316495747,0.11567920084465108,0.1337910137758635,0.6918202764976961
118,23 days 18:00:00,11402399.701135471,3376.743949596337,2449.7604782078683,0.1381735447138859,0.11520295657401652,0.1335251984646788,0.6947004608294931
119,23 days 21:00:00,11516363.17273891,3393.576752150879,2451.061067719997,0.1382846003941347,0.11274017848143553,0.13359664912647415,0.6978686635944703
120,24 days 00:00:00,11651849.857614046,3413.480607475901,2458.758607713954,0.1389085355536527,0.11274017848143553,0.13419158842978912,0.6998847926267279
121,24 days 03:00:00,11668203.036164306,3415.875149381825,2461.605451827168,0.139237086998848,0.11274017848143553,0.13464790608977348,0.7019009216589861
122,24 days 06:00:00,11620910.983072082,3408.9457289713605,2453.8175860898527,0.13876596099461594,0.11054129996596584,0.13432557344101795,0.702476958525346
123,24 days 09:00:00,11651954.122101415,3413.495879901046,2454.4849311775106,0.13874542099536696,0.11054129996596584,0.13446765423932902,0.7019009216589863
124,24 days 12:00:00,11654397.462561913,3413.8537552979496,2459.919816988007,0.13910585176196816,0.11129396118907968,0.13508953787098524,0.6978686635944701
125,24 days 15:00:00,11631578.187501775,3410.5099600355625,2462.8235722073237,0.1393843666644411,0.11274017848143553,0.13561318082265506,0.6958525345622121
126,24 days 18:00:00,11622741.70986718,3409.2142364285614,2463.4518184850235,0.13946482102914431,0.11129396118907968,0.13582999645255503,0.6949884792626728
127,24 days 21:00:00,11660386.346758114,3414.730786864188,2471.7013961819316,0.1398097716142707,0.11160535174602189,0.1363128208546506,0.6912442396313365
128,25 days 00:00:00,11688461.744874723,3418.839239401982,2479.737761966501,0.1402846775431945,0.11303931564194372,0.13691935151802995,0.6892281105990781
129,25 days 03:00:00,11639667.544047672,3411.6956992158125,2478.790128273362,0.14027050412442316,0.11303931564194372,0.13705262670577578,0.6885080645161292
130,25 days 06:00:00,11515264.645119438,3393.4148943386567,2466.751682804527,0.13976289207961928,0.11160535174602189,0.1367874653269741,0.6898041474654383
131,25 days 09:00:00,11533096.073697247,3396.0412355708,2467.1299321665933,0.13954539218990647,0.1143163090767915,0.1368037567061307,0.6926843317972351
132,25 days 12:00:00,11518288.889404098,3393.8604699374573,2472.6241124229277,0.13980585227713474,0.11550036071085082,0.13721684337124157,0.6903801843317974
133,25 days 15:00:00,11452410.640064914,3384.1410490795024,2467.3936203128837,0.1394543300479699,0.11520295657401652,0.1370183228613126,0.6915322580645163
134,25 days 18:00:00,11386344.38404505,3374.365775082045,2459.7319693056993,0.13906821810517023,0.11520295657401652,0.13680554593592048,0.6906682027649773
135,25 days 21:00:00,11343142.83555933,3367.958259177113,2454.04967628671,0.1384471445093272,0.11303931564194372,0.13636434974803988,0.6918202764976963
136,26 days 00:00:00,11336913.869687062,3367.03339301633,2455.2224953592513,0.13839000537458904,0.1143163090767915,0.13641662206610128,0.6898041474654384
137,26 days 03:00:00,11384507.60452836,3374.093597475974,2463.427724150232,0.1388822846528627,0.11520295657401652,0.13708673545998212,0.6892281105990783
138,26 days 06:00:00,11400009.985732317,3376.3900819858354,2467.6230513135624,0.13922665543421747,0.11520295657401652,0.1376626290888017,0.689228110599078
139,26 days 09:00:00,11453603.006526288,3384.317214228933,2476.217449086778,0.13956096541244126,0.11574479745814101,0.13822188554082615,0.6892281105990781
140,26 days 12:00:00,11485536.254276624,3389.0317576376624,2480.679900587897,0.1397152616837627,0.11604097807636601,0.13862097129748707,0.6900921658986172
141,26 days 15:00:00,11537159.928217622,3396.639505190037,2490.5878881647777,0.14038319738158261,0.11874733206651039,0.13957840354478282,0.6872119815668203
142,26 days 18:00:00,11626020.293244261,3409.695044024357,2504.629676455661,0.14132845993749313,0.11960861030182898,0.14085614421666498,0.6820276497695851
143,26 days 21:00:00,11728207.98312324,3424.6471326434844,2517.2393268030464,0.1418833581193368,0.11960861030182898,0.14171532467348164,0.680011520737327
144,27 days 00:00:00,11845533.667224128,3441.734107571956,2527.669675377909,0.1424137813685588,0.12133418972576245,0.1424801717335686,0.6788594470046083
145,27 days 03:00:00,12032852.448148808,3468.8402165779858,2546.9176357281544,0.14376709254849596,0.12133418972576245,0.1439751523146001,0.6800115207373273
146,27 days 06:00:00,12212360.193348834,3494.6187479249916,2565.9069169115983,0.14520328459415516,0.12451049897774506,0.14556518724429574,0.6800115207373272
147,27 days 09:00:00,12454159.832713224,3529.0451729488,2593.320707544232,0.14682550379868764,0.1260738531392232,0.14736624900732287,0.680011520737327
148,27 days 12:00:00,12600838.9980973,3549.766048361117,2611.9577259945117,0.14814069988818787,0.1312506676507902,0.1487481712337534,0.680443548387097
149,27 days 15:00:00,12732638.77640626,3568.2823285729874,2629.4765130824057,0.14941650236232557,0.13282884876963488,0.1501166218305047,0.6780913978494619
150,27 days 18:00:00,12899095.64297172,3591.5311000980796,2651.1258638059903,0.1509121116422294,0.13391972841498798,0.1517372937927219,0.676747311827957
151,27 days 21:00:00,13108557.884710994,3620.5742479213145,2678.468697226158,0.15243303551424262,0.13468703263058013,0.1533870487030831,0.6733870967741936
152,28 days 00:00:00,13340571.428373504,3652.474699210592,2703.565043801326,0.1540771756314515,0.136262982018323,0.1551172579306237,0.6717069892473119
153,28 days 03:00:00,13574601.802970042,3684.3726471368286,2730.8172611576565,0.155842405782787,0.13691355720176848,0.15697793791948234,0.668010752688172
154,28 days 06:00:00,13751556.186623005,3708.309073772439,2754.290477085214,0.1574562690555173,0.14257830903033109,0.1586961728561362,0.6643145161290325
155,28 days 09:00:00,13948296.954503754,3734.7418859278287,2778.7541892397094,0.15888353910893205,0.14416444675354645,0.16023670559055297,0.6606182795698927
156,28 days 12:00:00,14131204.591124333,3759.1494504906736,2802.826548009755,0.16039154658545962,0.1454255802176222,0.16179421927282797,0.6601382488479263
157,28 days 15:00:00,14316707.68243299,3783.742549703004,2827.818449064582,0.16201438554498312,0.14616066304165745,0.16353708369625303,0.6540898617511524
158,28 days 18:00:00,14482632.212111752,3805.6053673642714,2848.918998838417,0.16350742640617916,0.14616066304165745,0.16514250502670907,0.6500576036866358
159,28 days 21:00:00,14702305.305592826,3834.358525958785,2878.792091094343,0.1651985571890028,0.14785163944991286,0.16692410518610992,0.6445852534562212
160,29 days 00:00:00,14949871.13294778,3866.506321338138,2912.6440283228662,0.16712988969613593,0.1506834457942584,0.16892556752206045,0.636520737327189
161,29 days 03:00:00,15182900.814879145,3896.524196624364,2944.6106219394883,0.1689350784562103,0.1528013075604998,0.17077373881578448,0.6304723502304148
162,29 days 06:00:00,15410009.610334953,3925.558509350606,2976.120321785641,0.17072933317143324,0.15593803066305323,0.17264688130417338,0.6244239631336406
163,29 days 09:00:00,15615898.415323595,3951.695637991822,3004.1534871308295,0.17209732289269078,0.15732005444428757,0.17403165451441052,0.6180875576036867
164,29 days 12:00:00,15843430.248246001,3980.380666248644,3034.5144791789403,0.17367416276861058,0.1588770501523814,0.17564239782886884,0.6097350230414744
165,29 days 15:00:00,16065976.930706112,4008.2386319562,3064.0459675819857,0.17522114551694387,0.16217738032971557,0.17721152546370805,0.6033986175115208
166,29 days 18:00:00,16285810.352194501,4035.568157297619,3095.1012316066426,0.17714209772357867,0.16373330040231154,0.17926740889953624,0.5979262672811055
167,29 days 21:00:00,16526324.614102872,4065.2582469140716,3126.548568816962,0.1786341923572883,0.16519517953391233,0.18082544119735242,0.5933179723502304
168,30 days 00:00:00,16798073.3264877,4098.545269542316,3162.371694374928,0.18059281347683137,0.16729670092610777,0.18283658829266908,0.587269585253456
169,30 days 03:00:00,17008197.242591873,4124.099567492506,3187.504709776532,0.1821346448665991,0.17011456000797803,0.18441772216218863,0.5817972350230415
170,30 days 06:00:00,17169307.780151688,4143.586342789503,3208.097032842427,0.1836015800773307,0.17143678545229685,0.18592014448456268,0.5817972350230417
171,30 days 09:00:00,17359228.199788436,4166.44071118124,3232.023469914053,0.18499657767046324,0.17143823951067322,0.18739418195319496,0.579781105990783
172,30 days 12:00:00,17530957.531638563,4186.998630479662,3254.0207398473954,0.1864104797743399,0.17246160590767426,0.1888854719507345,0.5763248847926268
173,30 days 15:00:00,17691287.206578158,4206.101188342734,3274.887037981933,0.18765426466812826,0.17456701823129087,0.19018497916498572,0.5737327188940095
174,30 days 18:00:00,17848359.973002564,4224.731940964132,3295.280035033979,0.18897280527145371,0.17481562793548616,0.191574891828754,0.569700460829493
175,30 days 21:00:00,18065906.22907765,4250.400713941881,3319.4731012401867,0.1902027898926536,0.17546647709566288,0.19287180682030436,0.5682603686635946
176,31 days 00:00:00,18295344.327013653,4277.305732235382,3344.685838704248,0.19172412371358066,0.17745092345729901,0.19447377355403636,0.5650921658986174
177,31 days 03:00:00,18473199.966544364,4298.046063799731,3370.8436805705687,0.19332092856988808,0.18180779514493134,0.19641735455397327,0.5590437788018429
178,31 days 06:00:00,18564266.31198779,4308.626963661137,3393.1355606649117,0.19485155814160326,0.18500441051779698,0.19840215091295813,0.5529953917050688
179,31 days 09:00:00,18705095.96062835,4324.938838946552,3418.987680172146,0.1963160042883603,0.18569227816309478,0.20022343929769196,0.546947004608295
180,31 days 12:00:00,18784050.915738594,4334.057096501913,3439.098057274046,0.19747254150641516,0.18644603008638355,0.2016867349302212,0.5429147465437785
181,31 days 15:00:00,18856824.389417846,4342.444517713248,3457.8418045044755,0.19847211933150238,0.18740109123684398,0.20298421804806213,0.5394585253456221
182,31 days 18:00:00,18944204.02203864,4352.494000230056,3475.721909488704,0.19959457845445447,0.18922811426722136,0.2044667771676121,0.5380184331797233
183,31 days 21:00:00,19077421.6676402,4367.77078927457,3494.892463489162,0.20043450551956404,0.19045783249279638,0.205600063051586,0.5354262672811058
184,32 days 00:00:00,19204530.77989063,4382.297431700709,3515.5383053570313,0.20153506447013514,0.1915381522985251,0.20696793697159663,0.5328341013824884
185,32 days 03:00:00,19325297.946937364,4396.05481618887,3535.133230172951,0.20253210708769664,0.19270857209939818,0.20842604115625096,0.5308179723502302
186,32 days 06:00:00,19399222.68448328,4404.454868026607,3550.057516805928,0.20333611497165374,0.19364041455214498,0.2097971251364817,0.5293778801843315
187,32 days 09:00:00,19506493.53527993,4416.615620051164,3567.6586472908198,0.20402336790150846,0.19400286490607027,0.21093999888219309,0.5288018433179722
188,32 days 12:00:00,19575249.589214724,4424.392567258778,3584.3150108293876,0.20477531260524537,0.19451359244960706,0.21214270259576043,0.5253456221198153
189,32 days 15:00:00,19652461.74209175,4433.10971464634,3598.4807391677355,0.20534321003094724,0.19509134498162078,0.2131265961052148,0.5218894009216586
190,32 days 18:00:00,19751755.19521294,4444.294679160344,3614.2674408928265,0.20614676861596343,0.19451359244960706,0.21441170762078038,0.5198732718894009
191,32 days 21:00:00,19884363.730770864,4459.188685262249,3631.541447689915,0.2066755775623659,0.19509134498162078,0.21529117072230125,0.5172811059907835
192,33 days 00:00:00,19990435.188700218,4471.06644870105,3645.9813300418364,0.2072167070625827,0.19531331054226247,0.21616437453485365,0.5152649769585251
193,33 days 03:00:00,20153724.588244405,4489.289987096446,3662.562879029979,0.20788602107109178,0.19597180246009183,0.21721556092208147,0.5112327188940092
194,33 days 06:00:00,20361171.20497009,4512.335449074026,3682.3943430117984,0.2090417495795169,0.1975242540632341,0.21872021310160125,0.5072004608294929
195,33 days 09:00:00,20554418.932441566,4533.698151888982,3702.4096018033288,0.21002642785046405,0.19859056815287882,0.22000369069606102,0.5037442396313362
196,33 days 12:00:00,20679090.80951413,4547.426833882447,3710.131205567707,0.2101995362625018,0.19859056815287882,0.22045440912228229,0.504896313364055
197,33 days 15:00:00,20814114.837123368,4562.248879349237,3715.2897214494596,0.21022294119146345,0.19974351378542138,0.22073456513259954,0.5063364055299535
198,33 days 18:00:00,21012872.113382973,4583.979942515343,3728.2221626313712,0.21078923434583646,0.20050717078850938,0.22161842614317365,0.5060483870967739
199,33 days 21:00:00,21161274.001622785,4600.138476352944,3733.691935808533,0.21077849181145536,0.20050717078850938,0.22188454194945786,0.5060483870967744
200,34 days 00:00:00,21262823.66951297,4611.162941115069,3733.209936523762,0.21056200507493478,0.20050717078850938,0.2218950383820027,0.5080645161290323
201,34 days 03:00:00,21497954.12467578,4636.58863008956,3746.2334117884907,0.21099749899962722,0.20050717078850938,0.22268925149418922,0.5070564516129034
202,34 days 06:00:00,21775526.729916345,4666.425476734451,3764.532557874218,0.21162362550136238,0.20114936698895963,0.22370107323829075,0.5072004608294931
203,34 days 09:00:00,21933430.884048365,4683.314091970382,3773.87737394414,0.21181092781395985,0.20133815891089565,0.2241775010823074,0.5054723502304146
204,34 days 12:00:00,22156787.587092392,4707.099700143645,3785.886223939294,0.21214874002445713,0.2014745330918123,0.2247968649059217,0.5040322580645162
205,34 days 15:00:00,22365415.754630335,4729.208787379802,3801.5601656065437,0.21276554577491477,0.20203595581565487,0.2257295683104682,0.501008064516129
206,34 days 18:00:00,22579574.51977377,4751.796977962524,3820.114937597492,0.21365483208823835,0.20203595581565487,0.22695068886583208,0.4993279569892473
207,34 days 21:00:00,22790496.75180822,4773.939332648481,3834.2949612795514,0.21422531577425077,0.2035991163501008,0.22782714870418438,0.4969758064516129
208,35 days 00:00:00,22974008.625577062,4793.120969220062,3843.6263499640363,0.2144113167823043,0.20410615557700212,0.2282393824919147,0.4966397849462364
209,35 days 03:00:00,23200691.703405775,4816.709634533286,3860.4510464132723,0.2148579018909049,0.20417552844098513,0.22888027957161733,0.4927995391705069
210,35 days 06:00:00,23444668.38526879,4841.9694738059625,3878.831286047025,0.21554078665361592,0.20455754310658886,0.22979728330963803,0.49078341013824867
211,35 days 09:00:00,23632785.74838583,4861.356369202512,3894.2738666866326,0.21598136983373425,0.2044107944631423,0.2303880149269648,0.4887672811059907
212,35 days 12:00:00,23855008.815030195,4884.158967010615,3908.1452009267587,0.21621602671842896,0.20427635670142597,0.23067669757646717,0.4896313364055299
213,35 days 15:00:00,24066416.06683741,4905.753363841012,3920.8492652121,0.21630233589676195,0.2044107944631423,0.23077213004694458,0.49308755760368655
214,35 days 18:00:00,24302419.24124337,4929.7483953284445,3938.631634801604,0.21698037816715227,0.20485319950444453,0.2314696660248792,0.49251152073732696
215,35 days 21:00:00,24405306.03688034,4940.172672779803,3940.712191515275,0.21663071382697696,0.2044107944631423,0.23111117680827015,0.494527649769585
216,36 days 00:00:00,24431762.13741053,4942.849596883414,3936.5003683976324,0.21587596247561353,0.20427635670142597,0.2303691884683487,0.4953917050691242
217,36 days 03:00:00,24407611.81382917,4940.406037344417,3937.024229419942,0.21547665765077123,0.20417552844098513,0.2300014009295014,0.4933755760368661
218,36 days 06:00:00,24369347.088457044,4936.531888730898,3936.937739689903,0.21524078889885137,0.20427635670142597,0.2298217182220609,0.49135944700460815
219,36 days 09:00:00,24373655.09083984,4936.968208408865,3936.274038682432,0.21478405236703654,0.20438120812716823,0.22941810497316922,0.4893433179723502
220,36 days 12:00:00,24411134.966113683,4940.762589531467,3938.766059641315,0.2145283223505883,0.20445558430254368,0.22917037389102163,0.488479262672811
221,36 days 15:00:00,24495182.317031257,4949.260784908313,3946.4921100384913,0.21452738585718856,0.20438120812716823,0.2291282627503659,0.48732718894009225
222,36 days 18:00:00,24601405.181483448,4959.980360997758,3956.1084114954447,0.21490607696179176,0.20445558430254368,0.2294524850723456,0.4853110599078341
223,36 days 21:00:00,24635144.7300997,4963.380373304035,3954.972285981717,0.2144106053161452,0.20427635670142597,0.22893038450142053,0.48329493087557607
224,37 days 00:00:00,24624803.247604635,4962.338485795244,3950.636419158518,0.21374211239012417,0.20417552844098513,0.22821780685167117,0.4812788018433182
225,37 days 03:00:00,24804375.253349558,4980.399105829728,3961.437072644279,0.21388064590413092,0.20417552844098513,0.22825571413643533,0.47926267281106
226,37 days 06:00:00,25062066.28615981,5006.202781166561,3978.826220931213,0.21450110527193225,0.20417552844098513,0.22878125252712547,0.47724654377880177
227,37 days 09:00:00,25334046.624567993,5033.293814647422,3992.731208979485,0.214709414595969,0.20427635670142597,0.22894736550862496,0.4740783410138248
228,37 days 12:00:00,25560753.310584597,5055.764364622287,4003.3597716928516,0.2149583811955477,0.20417552844098513,0.22899146058176878,0.47350230414746547
229,37 days 15:00:00,25776327.777040187,5077.039272749443,4013.069577439364,0.21510526893821577,0.20417552844098513,0.22888591190498092,0.4743663594470045
230,37 days 18:00:00,25993098.17503061,5098.342689054023,4022.201293511734,0.2154385595489141,0.20417552844098513,0.22895978131720385,0.4743663594470043
231,37 days 21:00:00,26176240.145553812,5116.272094558089,4021.8435763236484,0.215144644024963,0.2035991163501008,0.22844631480893549,0.4775345622119816
232,38 days 00:00:00,26355969.946667776,5133.806574722871,4021.237442236308,0.21492698606223368,0.2035991163501008,0.2279739346465082,0.4804147465437785
233,38 days 03:00:00,26704051.675867423,5167.596315103127,4027.7184549164804,0.21523092248450193,0.2027332368845106,0.22788866392711973,0.4824308755760369
234,38 days 06:00:00,27076951.410782207,5203.551807254561,4039.4564546638426,0.21599553545684375,0.2035991163501008,0.22828823461351525,0.485215053763441
235,38 days 09:00:00,27468402.86586911,5241.030706442112,4050.534104464623,0.21662252014919875,0.2027332368845106,0.22860169870799527,0.49025537634408617
236,38 days 12:00:00,27819467.163037885,5274.416286475489,4056.879897869395,0.21726444514857127,0.20203595581565487,0.22875211459051187,0.49395161290322587
237,38 days 15:00:00,28186440.760208316,5309.090389154089,4065.3507145720314,0.2177239516046658,0.20203595581565487,0.22859559119922968,0.49596774193548393
238,38 days 18:00:00,28534194.943807553,5341.7408158583985,4077.4080600199904,0.21877518173330596,0.20203595581565487,0.2290951441581496,0.495967741935484
239,38 days 21:00:00,28854960.833427325,5371.681378621346,4082.407378793199,0.21916748744001038,0.20146662251756964,0.22898146750122694,0.49798387096774194
240,39 days 00:00:00,29184553.241713863,5402.2729699371785,4092.350997698004,0.21981250956048154,0.19997584162671941,0.2290640397796031,0.5
241,39 days 03:00:00,29459102.450300395,5427.624015193056,4102.47307595515,0.2204945927887804,0.1992301743272547,0.22913804552745357,0.49798387096774194
242,39 days 06:00:00,29677616.29794632,5447.71661321937,4107.329521288481,0.22133207665419585,0.1992301743272547,0.22929714209969218,0.49798387096774205
243,39 days 09:00:00,29886370.200644426,5466.842800067003,4108.8627616260455,0.2217421711690971,0.19821403379423402,0.22901007568591614,0.5020161290322581
244,39 days 12:00:00,30173403.70217005,5493.032286649156,4115.0247668521115,0.2225736997582052,0.19760455312607256,0.22902776803385128,0.504032258064516
245,39 days 15:00:00,30455293.281375404,5518.63146816087,4125.848020430267,0.22339500158579628,0.196521364427576,0.22906115324993226,0.5040322580645161
246,39 days 18:00:00,30693270.128078613,5540.150731530562,4133.334509472731,0.22439687347883158,0.196521364427576,0.22921715393156417,0.502016129032258
247,39 days 21:00:00,30879330.066812098,5556.917316895411,4131.984152683189,0.22468999061425204,0.19511614397028104,0.2287398119161824,0.5040322580645161
248,40 days 00:00:00,31048912.961356573,5572.155145126217,4127.041392860742,0.22484904437901793,0.1926745539195088,0.22791711288534572,0.5060483870967742
249,40 days 03:00:00,31254700.54628781,5590.590357581908,4130.373526477341,0.2251115136991598,0.19178056883169114,0.22716619326276175,0.5080645161290323
250,40 days 06:00:00,31401983.002497308,5603.747228640609,4129.842772186554,0.22561489506515703,0.19082459203739738,0.226742338304615,0.5080645161290324
251,40 days 09:00:00,31613810.474020958,5622.6159813756585,4132.453283141893,0.2261429178557554,0.19023283287664533,0.226390801363476,0.5080645161290324
252,40 days 12:00:00,31853400.389543675,5643.881677493219,4135.643653395667,0.226930053808713,0.18931688783324113,0.22613394316963692,0.5080645161290321
253,40 days 15:00:00,32091331.403266367,5664.921129483302,4138.973250140255,0.22744874580913174,0.18886115171910167,0.2255523026114063,0.5080645161290323
254,40 days 18:00:00,32256837.53057861,5679.510324894093,4136.44946137148,0.22806902036127338,0.1872099382008293,0.22513152866863598,0.5100806451612905
255,40 days 21:00:00,32440624.075796843,5695.667131758741,4135.309717767711,0.2284771162008975,0.18593282435146968,0.22459400637199867,0.5100806451612904
256,41 days 00:00:00,32614829.453041054,5710.93945450668,4136.454016036383,0.2290940035250936,0.18441648404197886,0.2240677593520981,0.5080645161290321
257,41 days 03:00:00,32813062.290584847,5728.268699230584,4145.01043441535,0.2299695612584577,0.18381882930337384,0.22375897215194263,0.5060483870967741
258,41 days 06:00:00,32940749.97202248,5739.4032766501505,4150.289314915576,0.2311616438590795,0.1832171075753043,0.22384686381883157,0.5020161290322582
259,41 days 09:00:00,33106479.166848015,5753.823004476938,4152.631401968122,0.2319840017737173,0.18301295329599693,0.2235746431237744,0.504032258064516
260,41 days 12:00:00,33298241.28462476,5770.462831058247,4156.527236954784,0.233017012680726,0.18091125555352,0.22340158654843575,0.506048387096774
261,41 days 15:00:00,33481295.862231113,5786.3024343903,4160.198598078556,0.23371526632320408,0.17985849657996844,0.22288599470780873,0.5080645161290319
262,41 days 18:00:00,33626642.299537025,5798.848359763948,4163.067940925542,0.23483549039208657,0.17960333119834132,0.22288555989982878,0.508064516129032
263,41 days 21:00:00,33808501.17407027,5814.507818729825,4165.878218016369,0.23563663131229742,0.1790420274359758,0.2226301284904105,0.5080645161290321
264,42 days 00:00:00,33956430.29359512,5827.214625667663,4166.664336116862,0.23637286860793377,0.17640208654555486,0.22220929515786242,0.5100806451612899
265,42 days 03:00:00,34038460.759005666,5834.248945580371,4163.0181253408045,0.2360962140496361,0.17596631403838536,0.22109700462577034,0.5100806451612899
266,42 days 06:00:00,34135222.68966253,5842.5356387156535,4161.829092091081,0.2363513162998224,0.17551910068699678,0.22054363488197634,0.5100806451612898
267,42 days 09:00:00,34264547.68111849,5853.592715684828,4165.670599457786,0.23695215331190453,0.17519358179259142,0.22032158544197797,0.51008064516129
268,42 days 12:00:00,34422037.08417543,5867.02966450447,4172.749856602969,0.23765445671375174,0.1747812641889075,0.22017939383351218,0.51008064516129
269,42 days 15:00:00,34561844.29894974,5878.932241398071,4176.504996689694,0.23799002140737244,0.172160913819126,0.21960624122577674,0.5100806451612903
270,42 days 18:00:00,34722639.268712156,5892.591897349769,4186.228375238323,0.23913168437275223,0.1698992029340627,0.21990961114768456,0.5100806451612901
271,42 days 21:00:00,34899510.62208543,5907.580775756302,4199.861923136234,0.2401969758102753,0.1698992029340627,0.22025230178547525,0.5080645161290321
272,43 days 00:00:00,34996832.05953482,5915.812037204598,4205.103514734903,0.24095531595514635,0.16901586012799774,0.2202385345285689,0.5089285714285716
273,43 days 03:00:00,35014543.65732312,5917.308818823226,4207.263682723359,0.24128821329532624,0.1674635451873315,0.21996501496764245,0.5083525345622121
274,43 days 06:00:00,35031159.6224606,5918.71266598241,4211.446555416742,0.24192593053910805,0.16455244055457668,0.22006616961761852,0.5074884792626726
275,43 days 09:00:00,35077510.17201854,5922.626965462078,4218.072909132059,0.24264470386577083,0.16455244055457668,0.22026741449912887,0.5074884792626726
276,43 days 12:00:00,35108402.14653265,5925.234353722446,4222.726311593068,0.2432076752100518,0.16552344951486989,0.22032375200617793,0.5083525345622119
277,43 days 15:00:00,35203417.89246904,5933.246825513754,4232.521650792865,0.24403574819301246,0.16373969496350754,0.22061628270579095,0.5092165898617511
278,43 days 18:00:00,35287569.99569188,5940.334165322005,4241.9555955529195,0.24494052342098815,0.16157126550204728,0.2209724272818679,0.5100806451612903
279,43 days 21:00:00,35359694.33779997,5946.401797541095,4250.504819684452,0.24573019663440376,0.16157126550204728,0.22122638912559733,0.5109447004608294
280,44 days 00:00:00,35424933.543511234,5951.884873173475,4260.108952959786,0.2465801684848325,0.16157126550204728,0.2215610369898407,0.5092165898617507
281,44 days 03:00:00,35479479.92145515,5956.465388252932,4265.7331167611555,0.24722437954763277,0.16157126550204728,0.22168783146422283,0.5089285714285712
282,44 days 06:00:00,35514425.381921016,5959.398072114416,4271.208519637602,0.24792498955164508,0.16157126550204728,0.2219132150025961,0.507200460829493
283,44 days 09:00:00,35591963.25672742,5965.900037440069,4280.492791092162,0.24869974636570014,0.1595050184506271,0.2222922511749677,0.505184331797235
284,44 days 12:00:00,35591049.68446211,5965.823470776026,4283.582171680668,0.24923538926274577,0.1595050184506271,0.22247037096067773,0.5031682027649773
285,44 days 15:00:00,35673362.99046665,5972.718224599805,4292.278405264907,0.2501315133858195,0.16157126550204728,0.22293117635814444,0.5011520737327189
286,44 days 18:00:00,35734250.460481316,5977.813183805706,4295.64799276825,0.25093015292789717,0.16373969496350754,0.2232162889880438,0.502016129032258
287,44 days 21:00:00,35857738.840596184,5988.133168241684,4310.1789378696085,0.25196651794685904,0.16552344951486989,0.22393844560752876,0.49999999999999994
288,45 days 00:00:00,36005749.13169603,6000.479075181916,4325.933052921079,0.2531404873239614,0.1669378850236738,0.22480236485245655,0.4979838709677419
289,45 days 03:00:00,36256369.97996403,6021.326264201603,4341.386038102006,0.2541193550135706,0.16805268595358963,0.22547891305052262,0.4979838709677419
290,45 days 06:00:00,36490650.52804569,6040.749169436328,4356.945935175304,0.25518530720082394,0.16901586012799774,0.22621826463405087,0.49798387096774227
291,45 days 09:00:00,36711322.343532085,6058.986907357705,4373.524072282501,0.2563347285273347,0.172160913819126,0.2270829322752037,0.49596774193548376
292,45 days 12:00:00,36908292.03918468,6075.219505432267,4388.211464984969,0.2573062329973075,0.17450988018035762,0.22783486716398677,0.49395161290322587
293,45 days 15:00:00,37114442.63968942,6092.162394395723,4403.208139349135,0.25820426035698546,0.17550792796381268,0.2285844933123907,0.49193548387096775
294,45 days 18:00:00,37295742.21169404,6107.0240061501345,4415.768751582301,0.2590544611815773,0.17550792796381268,0.22923975355545942,0.4899193548387097
295,45 days 21:00:00,37439974.45970718,6118.821329284519,4428.158958580252,0.2598348752086882,0.1759289438042302,0.22987322516153594,0.4899193548387097
296,46 days 00:00:00,37574637.44782745,6129.815449736431,4437.194247276957,0.2605079199181397,0.17630238981830273,0.23039777588901905,0.49193548387096786
297,46 days 03:00:00,37536920.903117366,6126.738194432447,4432.587187138885,0.2603805221725135,0.17688131718673428,0.23027769057094816,0.4919354838709679
298,46 days 06:00:00,37409426.05286776,6116.324554245611,4420.380538316035,0.25992062549398515,0.17688131718673428,0.22982726272461307,0.49193548387096764
299,46 days 09:00:00,37366054.89220241,6112.778001220264,4422.288508819003,0.26023366982449164,0.17688131718673428,0.23005129001981464,0.4899193548387097
300,46 days 12:00:00,37283758.759650946,6106.042806896374,4419.038504709583,0.26015167976679493,0.17688131718673428,0.23001158397771332,0.49193548387096786
301,46 days 15:00:00,37235940.84243042,6102.125928103288,4420.097989329856,0.26017093831978727,0.17777985173725558,0.23006786652113234,0.491935483870968
302,46 days 18:00:00,37203889.776339136,6099.499141432773,4424.69543775944,0.2605619916101387,0.17913390542303553,0.23043002710352306,0.48991935483870963
303,46 days 21:00:00,37124207.54952076,6092.963773855935,4426.492139878511,0.2606561550708488,0.17913390542303553,0.23055055102981384,0.48991935483870974
304,47 days 00:00:00,37081538.13341794,6089.461235069811,4428.673881506602,0.2607981339653196,0.17913390542303553,0.2307173852509285,0.48991935483870974
305,47 days 03:00:00,36970375.41558754,6080.326916834944,4429.451648196368,0.26055491537901104,0.17913390542303553,0.23065806766971578,0.48991935483870985
306,47 days 06:00:00,36831695.907175444,6068.912250739456,4427.748259295913,0.2602176203157812,0.17913390542303553,0.23053977972005169,0.48991935483870974
307,47 days 09:00:00,36678063.522474,6056.241699476169,4426.799950088496,0.25987311312741096,0.17913390542303553,0.23031416224723963,0.4879032258064515
308,47 days 12:00:00,36523018.39642089,6043.427702589061,4426.237650444569,0.25945694472297925,0.17913390542303553,0.230112672956256,0.4879032258064518
309,47 days 15:00:00,36366458.05669318,6030.460849445354,4425.688938489679,0.2589832802749229,0.17985849657996844,0.2298515832866584,0.48588709677419367
310,47 days 18:00:00,36205410.41572175,6017.0931865579205,4421.391632723361,0.25848665563754275,0.18088722315536845,0.2295274829476773,0.4858870967741935
311,47 days 21:00:00,36027789.24827234,6002.315323962274,4418.06018517569,0.2578299164514988,0.18088722315536845,0.22908379731676437,0.4858870967741935
312,48 days 00:00:00,35931540.451968595,5994.292322865861,4418.798663731858,0.25741418701158,0.18088722315536845,0.22893120629449648,0.4858870967741936
313,48 days 03:00:00,36020981.118270375,6001.748171847131,4429.44632930998,0.257351815564609,0.18088722315536845,0.2291921144012553,0.48387096774193555
314,48 days 06:00:00,36111092.009684265,6009.250536438322,4442.029812338539,0.25734775394954856,0.1821024492622391,0.22958889481505604,0.4818548387096776
315,48 days 09:00:00,36164474.70504636,6013.6906060294095,4450.356400331521,0.2570464481629363,0.18272834440633032,0.22965531792417712,0.47983870967741943
316,48 days 12:00:00,36220132.67939538,6018.316432308572,4463.0183016999335,0.2569786264591227,0.18332931105178252,0.22999452572530696,0.4778225806451614
317,48 days 15:00:00,36272898.24709238,6022.69858511053,4469.836765964782,0.256736959971202,0.18412190943617596,0.23008399963678483,0.4778225806451615
318,48 days 18:00:00,36302448.65262,6025.151338565696,4475.466655349655,0.25658530020489906,0.18412190943617596,0.23031675836609436,0.47782258064516164
319,48 days 21:00:00,36322017.51653084,6026.775051097464,4482.957676812319,0.2562910994518951,0.18536222372368644,0.2303923696580415,0.4758064516129033
320,49 days 00:00:00,36410733.51429925,6034.130717369259,4494.694255991709,0.2562560164407757,0.18628086674240796,0.23070568892821433,0.4758064516129033
321,49 days 03:00:00,36594308.37225172,6049.3229680892155,4505.910776585933,0.25646570245418626,0.18655368197092476,0.23113807487877233,0.47379032258064535
322,49 days 06:00:00,36790896.78316066,6065.549998405804,4521.034508512768,0.2569051409651334,0.18780435032089995,0.23181904757921418,0.4737903225806453
323,49 days 09:00:00,36945684.95750958,6078.296221599403,4533.6161541648435,0.2572284968435058,0.18906051239730037,0.23238688528465323,0.4717741935483873
324,49 days 12:00:00,37082819.67767436,6089.566460567974,4546.094711466079,0.2573742157317268,0.18906051239730037,0.23289832508613043,0.46975806451612917
325,49 days 15:00:00,37236108.83659024,6102.1396933035085,4559.881973871832,0.25765705982892956,0.1897244010396602,0.23350719341803394,0.4677419354838711
326,49 days 18:00:00,37418722.056093596,6117.084440817667,4578.0022445412,0.25834974611382383,0.19136072441489246,0.2344930199702779,0.465725806451613
327,49 days 21:00:00,37556395.38849892,6128.327291235261,4591.090686319411,0.25860482490041203,0.19136072441489246,0.23506644421007844,0.463709677419355
328,50 days 00:00:00,37667437.862331875,6137.380374584247,4599.128418522779,0.25862159808689444,0.19136072441489246,0.23538364085903077,0.461693548387097
329,50 days 03:00:00,37770378.61043595,6145.7610277683225,4607.092448269033,0.25869382515667644,0.19279324716566093,0.23576583301024767,0.4596774193548386
330,50 days 06:00:00,37909414.485646814,6157.062163536017,4619.715760149589,0.2589826205679477,0.1957644891182927,0.23642331751754456,0.4596774193548388
331,50 days 09:00:00,38045847.92896131,6168.131640048006,4634.685912175827,0.2592903249702457,0.1997874256406188,0.23714092558363054,0.4556451612903225
332,50 days 12:00:00,38102832.710706204,6172.74920199308,4639.28310327487,0.2590174720249072,0.20359231984507564,0.2373488175154542,0.4556451612903226
333,50 days 15:00:00,37803003.27509715,6148.414696090135,4626.844260633809,0.2578952009919297,0.20359231984507564,0.23704557773447368,0.4567972350230414
334,50 days 18:00:00,37894401.888798006,6155.8429064424645,4638.59215315638,0.25816345235115323,0.20359231984507564,0.23773289682524207,0.45650921658986154
335,50 days 21:00:00,37975916.29293413,6162.460246762987,4648.15552159122,0.2581233755795611,0.20846197067468691,0.23814511588011616,0.4567972350230416
336,51 days 00:00:00,38022946.64302954,6166.274940596595,4650.385614309837,0.2577977177197837,0.20846197067468691,0.23824418541870013,0.45679723502304154
337,51 days 03:00:00,38045139.47046024,6168.074210842493,4652.821794335067,0.2576915742523395,0.21170426574702605,0.23847848481280012,0.4585253456221198
338,51 days 06:00:00,38063728.30753801,6169.580885889901,4655.168228306847,0.2575718345281037,0.20846197067468691,0.23869116853362385,0.46054147465437767
339,51 days 09:00:00,38125983.70637648,6174.624175314355,4664.324047249064,0.2577758910239844,0.21170426574702605,0.2392690571641599,0.4608294930875575
340,51 days 12:00:00,38125516.3124007,6174.586327228789,4666.709645950077,0.25775698617970405,0.21170426574702605,0.23957037037494322,0.4605414746543777
341,51 days 15:00:00,38076451.584974155,6170.611929539416,4666.921336991087,0.25767782695530594,0.2150731650634865,0.23982020959960973,0.4605414746543777
342,51 days 18:00:00,38018449.0459264,6165.910236609547,4667.158478882271,0.2575746869355402,0.2150731650634865,0.24008562691715968,0.46255760368663584
343,51 days 21:00:00,38031207.63478166,6166.944756910156,4670.109807431412,0.25749742111867696,0.21585131444761568,0.2403176012608707,0.46255760368663595
344,52 days 00:00:00,38011576.832603805,6165.352936580663,4671.932061149717,0.25732622721180737,0.21585131444761568,0.24051788850041134,0.46169354838709675
345,52 days 03:00:00,37940100.87543359,6159.553626313646,4669.644466583115,0.25697636244803046,0.21644396119184833,0.24044605125945576,0.46068548387096764
346,52 days 06:00:00,37854635.3123243,6152.612072309151,4665.465840234625,0.25658307321173557,0.2150731650634865,0.24028164259536658,0.4596774193548385
347,52 days 09:00:00,37829174.15004195,6150.542589889282,4666.16198148193,0.2563301754626414,0.21585131444761568,0.24026996119971572,0.4586693548387096
348,52 days 12:00:00,37734798.74623207,6142.8656786740885,4660.2645732189185,0.25576277074557097,0.2143856022493636,0.23998977768112745,0.4596774193548385
349,52 days 15:00:00,37665780.03666158,6137.245313384628,4655.01134847471,0.25504143216887576,0.2143856022493636,0.23954193086781156,0.4606854838709678
350,52 days 18:00:00,37564096.9411195,6128.955615854915,4648.878023925216,0.25467608246825546,0.21329330160962645,0.23944733656371178,0.45967741935483875
351,52 days 21:00:00,37542202.5955741,6127.169215516584,4648.55468282377,0.25430719727684564,0.21329330160962645,0.2393367006763181,0.4616935483870969
352,53 days 00:00:00,37479465.64930136,6122.047504658989,4647.718562606922,0.25401184082465367,0.21174784819744724,0.2392703530258223,0.46370967741935487
353,53 days 03:00:00,37331875.667734586,6109.981642176561,4635.6416041916955,0.2529409125860462,0.21101387448922246,0.23836992341219695,0.4657258064516129
354,53 days 06:00:00,37140566.30434406,6094.30605601196,4618.262809283797,0.2518820236198284,0.20784382008528363,0.23744725512138473,0.4677419354838709
355,53 days 09:00:00,37083118.219115525,6089.590973055212,4611.585941651256,0.25117027247770807,0.20634737308822804,0.23691651362629015,0.467741935483871
356,53 days 12:00:00,36896392.44050918,6074.240071030217,4595.569106383483,0.24996462523655336,0.20577205137983923,0.235947198727531,0.4697580645161291
357,53 days 15:00:00,36786450.69345508,6065.183483906738,4586.642443616439,0.24879288176668476,0.20577205137983923,0.23501032975436004,0.4706221198156682
358,53 days 18:00:00,36643221.32591335,6053.364463330566,4573.978059023917,0.2480546590237278,0.20359231984507564,0.2344494966244951,0.4726382488479264
359,53 days 21:00:00,36604098.39292917,6050.132097147067,4566.733552908176,0.24715669644186997,0.1997874256406188,0.23376513733400558,0.4746543778801843
360,54 days 00:00:00,36508733.22316001,6042.245710260384,4559.451201607085,0.24633165636627316,0.19744970955855135,0.23313564479772825,0.4766705069124422
361,54 days 03:00:00,36439856.44027305,6036.543418238044,4551.504520636424,0.24551450573250425,0.1957644891182927,0.23239974157990032,0.47868663594470046
362,54 days 06:00:00,36315287.25088993,6026.21666146264,4539.4719084738235,0.244695012980106,0.19399599399677891,0.2316624808420336,0.48243087557603687
363,54 days 09:00:00,36273400.85396715,6022.740311018494,4532.415955311693,0.24390344700983205,0.19279324716566093,0.23101556996909636,0.4844470046082951
364,54 days 12:00:00,36225731.5531917,6018.781567160558,4525.0865841152445,0.24332311545523164,0.19054036887700104,0.2304542549992363,0.48646313364055294
365,54 days 15:00:00,36178374.59734592,6014.846182351293,4514.729601324833,0.24232615424261333,0.19044484160913216,0.22945544684703958,0.488479262672811
366,54 days 18:00:00,36156275.893071555,6013.008888490982,4507.881290658241,0.24204426105501375,0.19031226451628633,0.22908870453466176,0.4907834101382489
367,54 days 21:00:00,36197594.9610896,6016.443713780559,4506.969131720394,0.2416261728617645,0.1897203672198327,0.22868686695891688,0.48905529953917043
368,55 days 00:00:00,36289999.101541415,6024.11811815982,4514.217735674804,0.2418020363897394,0.1897203672198327,0.2287636828901278,0.4887672811059908
369,55 days 03:00:00,36355228.62660374,6029.529718527287,4517.536384887025,0.24174871269228654,0.1892815977233595,0.2285356411870805,0.4887672811059908
370,55 days 06:00:00,36294429.75503333,6024.485849849208,4509.898044762179,0.24150107388685343,0.18906051239730037,0.22820580259861237,0.4925115207373273
371,55 days 09:00:00,36293821.61076899,6024.435376926952,4505.96260602011,0.24111527148232062,0.1897203672198327,0.22777922974711845,0.49308755760368655
372,55 days 12:00:00,36454834.8706351,6037.783937061271,4511.6362703276545,0.24114660418084516,0.1892815977233595,0.22776730975348658,0.49279953917050673
373,55 days 15:00:00,36566151.83813081,6046.995273533031,4510.2745011287725,0.24058625822091428,0.18824064124450632,0.2271529985445375,0.4945276497695852
374,55 days 18:00:00,36688593.32579763,6057.110971890612,4514.529251393132,0.2408698370790567,0.18726378244324698,0.22729718079561653,0.49308755760368667
375,55 days 21:00:00,36867267.17984589,6071.842157026637,4522.666082295202,0.24080585962907516,0.18726378244324698,0.22723301475177277,0.49107142857142855
376,56 days 00:00:00,37045700.421445526,6086.517922543688,4533.763086594764,0.24109945212804956,0.18726378244324698,0.2274287593695356,0.4890552995391705
377,56 days 03:00:00,37143529.14225077,6094.549133631689,4538.143908353364,0.24100424136481785,0.18824064124450632,0.22727378089952635,0.4890552995391704
378,56 days 06:00:00,37173691.88931353,6097.023199013886,4536.251668383772,0.24089376847054392,0.18888400259129487,0.22716906331429826,0.4907834101382487
379,56 days 09:00:00,37232169.215496816,6101.8168782336315,4536.928608361922,0.24065253364186495,0.1892815977233595,0.22702636646620936,0.4890552995391704
380,56 days 12:00:00,37546523.94390519,6127.52184360898,4556.143393247908,0.24118165826237284,0.1897203672198327,0.22761233001828818,0.4876152073732719
381,56 days 15:00:00,37755407.35569305,6144.542892330808,4564.235524311822,0.2410485582147419,0.1892815977233595,0.22756663892866252,0.4876152073732721
382,56 days 18:00:00,37937053.97039065,6159.3062897042755,4572.917283994531,0.24135925817328993,0.189796293464641,0.22788129083574094,0.48819124423963145
383,56 days 21:00:00,38181848.90631705,6179.146292678063,4586.482471095395,0.2415384729846954,0.1892815977233595,0.2281861900563905,0.48617511520737333
384,57 days 00:00:00,38360051.51967796,6193.549186022337,4595.900521765946,0.24159284904138895,0.1892815977233595,0.22833312130452546,0.4855990783410139
385,57 days 03:00:00,38347859.30981742,6192.564840986118,4591.938263801742,0.24116917910683855,0.1895410089080897,0.2278836626486513,0.4876152073732719
386,57 days 06:00:00,38367084.21150203,6194.116903280244,4591.326173087038,0.2410442377928198,0.18906748753121677,0.22775139901723968,0.4881912442396315
387,57 days 09:00:00,38432869.56016763,6199.424937860578,4594.138834302445,0.24092599365103373,0.18824064124450632,0.22780041158466402,0.48761520737327213
388,57 days 12:00:00,38459305.394753546,6201.5566912472505,4596.632415814825,0.24097338025317305,0.1863366880932768,0.22790639519067304,0.48963133640552997
389,57 days 15:00:00,38465171.02053473,6202.029588814837,4596.719409912033,0.2408061244507974,0.1863366880932768,0.22774400259435276,0.49164746543778814
390,57 days 18:00:00,38426070.57022215,6198.876557104694,4594.185293393692,0.24094907201833665,0.1863366880932768,0.2277917049382842,0.49567972350230416
391,57 days 21:00:00,38562125.39150874,6209.841011773872,4603.801390986122,0.24115142365496922,0.18726378244324698,0.22811826877711033,0.49625576036866376
392,58 days 00:00:00,38635522.77101426,6215.747965531925,4609.650857214576,0.24105879488116272,0.18726378244324698,0.2281720557021665,0.49567972350230444
393,58 days 03:00:00,38649962.42507558,6216.909394954665,4611.934190549511,0.2404798388897887,0.1856781511969138,0.22797028149738974,0.4997119815668205
394,58 days 06:00:00,38657330.296747655,6217.501933795248,4616.418276694349,0.24028331044351328,0.18584816930318038,0.22817541207854428,0.5017281105990786
395,58 days 09:00:00,38810449.10389914,6229.803295762968,4625.989903632992,0.240062086154414,0.18584816930318038,0.22836813849458243,0.5037442396313365
396,58 days 12:00:00,38826905.13382279,6231.123906152307,4627.5287211713885,0.23958961912740956,0.18584816930318038,0.22818366173574647,0.5057603686635943
397,58 days 15:00:00,38739572.80329234,6224.112210049907,4624.535497595539,0.2388363828482289,0.18584816930318038,0.22770545694750072,0.5057603686635943
398,58 days 18:00:00,38607551.39841763,6213.497517374383,4622.474279901136,0.23862544425935003,0.1863366880932768,0.2277538850926605,0.5037442396313367
399,58 days 21:00:00,38631963.28529855,6215.461630908725,4628.336596156841,0.23829493365003093,0.1863366880932768,0.2277700739311049,0.5057603686635945
400,59 days 00:00:00,38649994.705792405,6216.911991157057,4629.523353976387,0.23765308517787087,0.1856781511969138,0.22740145669228176,0.5077764976958522
401,59 days 03:00:00,38343622.57337335,6192.222749011323,4613.626401752763,0.23637892898750476,0.1862759983233568,0.2264297081486174,0.5097926267281103
402,59 days 06:00:00,38026571.45140684,6166.568855644672,4597.496530167178,0.23550847534716626,0.1862759983233568,0.22579886488879067,0.5097926267281103
403,59 days 09:00:00,37742511.77257206,6143.493450193632,4585.027145185981,0.2345927125485593,0.1862759983233568,0.2251164016981931,0.51036866359447
404,59 days 12:00:00,37745089.98532388,6143.703279401105,4583.948739742227,0.2342807945625591,0.1856781511969138,0.2246853497114105,0.5094086021505376
405,59 days 15:00:00,37536734.838061035,6126.723009738651,4569.71537453354,0.23301993126716536,0.18506913879111442,0.2235858811286491,0.5109447004608293
406,59 days 18:00:00,37265255.128560014,6104.527428766293,4557.100204742829,0.2323744882330521,0.1856781511969138,0.22313995342577886,0.5112327188940091
407,59 days 21:00:00,36961341.23396415,6079.583968822551,4542.401922293113,0.2311964986703323,0.1856781511969138,0.22222916751391875,0.5112327188940091
408,60 days 00:00:00,36713787.22682585,6059.190311157577,4525.502729446756,0.22997960769670295,0.1825918708363596,0.22108879140854212,0.5112327188940092
409,60 days 03:00:00,36513910.12749252,6042.674087479195,4513.96519540851,0.22911439415641024,0.1841863339319793,0.22024865663284102,0.5112327188940092
410,60 days 06:00:00,36278787.01373005,6023.187446338529,4500.631751937956,0.2285041555788598,0.1828256803723119,0.21959986090282305,0.511232718894009
411,60 days 09:00:00,36121659.979059756,6010.129780550479,4489.774369520454,0.2276841447131725,0.1815659957495548,0.21876716352551162,0.5129608294930874
412,60 days 12:00:00,35968606.413024455,5997.3832971575575,4477.603113436138,0.22677998532176324,0.17896275365780295,0.2178529656690068,0.5149769585253456
413,60 days 15:00:00,35852924.48158242,5987.731163101966,4466.253426941508,0.2257538683134124,0.17889139128692738,0.2167804199466287,0.5152649769585258
414,60 days 18:00:00,35694226.10926608,5974.46450397574,4454.149371562464,0.22505756681315436,0.17896275365780295,0.21610673472902409,0.5169930875576038
415,60 days 21:00:00,35519641.137020625,5959.835663591793,4438.085343891677,0.22380360351184025,0.17871426995044037,0.21487348074780824,0.5190092165898617
416,61 days 00:00:00,35488220.4684294,5957.199045560707,4430.298878957298,0.22314068826675987,0.17871426995044037,0.21407037723902977,0.5210253456221197
417,61 days 03:00:00,35645076.28231347,5970.349762142371,4437.724521430103,0.22318228504465681,0.178420872619871,0.21392549082325354,0.5218894009216588
418,61 days 06:00:00,35720114.335526794,5976.63068421722,4438.54593296847,0.2232885259156043,0.17795047859941698,0.21382557768378918,0.5239055299539168
419,61 days 09:00:00,35737293.95341266,5978.067744130428,4432.55804195815,0.22267393356806853,0.1774568673950511,0.21313126338258614,0.5244815668202766
420,61 days 12:00:00,35843977.93642841,5986.984043441941,4430.289671218302,0.22240090722070535,0.17566556010520012,0.21260741715340448,0.5244815668202768
421,61 days 15:00:00,36006344.606193565,6000.528693889694,4432.424343958584,0.22224453454557405,0.17471558971707207,0.2121925470899069,0.525921658986175
422,61 days 18:00:00,36179057.01244672,6014.902909644237,4434.193536859228,0.22257111217568248,0.17471558971707207,0.21210542701286747,0.5264976958525347
423,61 days 21:00:00,36083844.55698791,6006.982982911464,4419.853330644171,0.22165456656684654,0.17471558971707207,0.21105565159168976,0.5264976958525347
424,62 days 00:00:00,36040171.25148551,6003.346670939927,4411.313713946226,0.22106640557931984,0.1745043601744864,0.21032573816279004,0.5264976958525343
425,62 days 03:00:00,35984524.38920115,5998.710227140594,4399.617965654338,0.2205206284968335,0.1740770640379123,0.2095555309157875,0.5264976958525345
426,62 days 06:00:00,35851099.25884951,5987.578747611551,4385.869207313305,0.22039603578817307,0.1740770640379123,0.20912028952489634,0.5299539170506911
427,62 days 09:00:00,35591525.4936071,5965.8633485529235,4353.4282175029675,0.21906956608896624,0.17238915576928604,0.20761545164615822,0.532546082949309
428,62 days 12:00:00,35422417.48305049,5951.673502725976,4335.218437965765,0.21854343617019367,0.17155128363337233,0.206862658197755,0.5352822580645161
429,62 days 15:00:00,35384476.15198797,5948.4851980977455,4326.0175274129615,0.21827519753898125,0.17049553648995125,0.20631067393612204,0.5374423963133638
430,62 days 18:00:00,35391649.95682609,5949.088161796401,4317.671785965439,0.2186012985748763,0.17049553648995125,0.2061322959774859,0.5374423963133639
431,62 days 21:00:00,35110487.98100015,5925.410363932624,4294.075857905207,0.21770396650881438,0.1703524843860913,0.20514543999600351,0.5374423963133639
432,63 days 00:00:00,34797276.73867398,5898.921658970729,4269.632912079314,0.2166172585354048,0.1698205230152327,0.204045464956161,0.5374423963133643
433,63 days 03:00:00,34547858.52767078,5877.742638774752,4243.056950901696,0.21528857841755944,0.16935324602918678,0.20267648265157012,0.5385944700460832
434,63 days 06:00:00,34244465.565281466,5851.877097588556,4217.042707957774,0.21420278018543965,0.16870387158007558,0.2015467972757519,0.5400345622119813
435,63 days 09:00:00,33925226.766552545,5824.536613890632,4190.091872064229,0.2129812365574779,0.1665994632913574,0.2003433854587151,0.5429147465437786
436,63 days 12:00:00,33709574.93869147,5805.994741531504,4176.834783106059,0.21230478448327955,0.16645382871904363,0.19968374466992536,0.5437788018433181
437,63 days 15:00:00,33535724.44226194,5791.00375084164,4167.9448835427565,0.2118165001932012,0.16645382871904363,0.1992170173651726,0.544066820276498
438,63 days 18:00:00,33432513.29953682,5782.085549309766,4161.166856935535,0.21151005462250688,0.16645382871904363,0.1988573225142665,0.5434907834101381
439,63 days 21:00:00,33170872.394246515,5759.4159768371055,4145.821390864538,0.21081017388968573,0.16645382871904363,0.19821193602270706,0.5463709677419356
440,64 days 00:00:00,32889155.103637367,5734.9067214417155,4126.742753347097,0.20976805750576025,0.16645382871904363,0.19723340709615433,0.5472350230414745
441,64 days 03:00:00,32717116.009340424,5719.887761953063,4110.383954143131,0.2090049891419444,0.1661932081002604,0.19644792599228567,0.5509792626728108
442,64 days 06:00:00,32601285.454336476,5709.753537092164,4102.3210498023645,0.20865480338492834,0.16569878538634344,0.1960570564062633,0.5529953917050694
443,64 days 09:00:00,32454649.327304285,5696.898219847734,4093.485854972525,0.20809127676409284,0.16593481929157466,0.19551442055232496,0.5541474654377878
444,64 days 12:00:00,32291880.749531828,5682.594543826951,4077.0378108214186,0.20740269013257112,0.16495554477190766,0.1947242535672671,0.5567396313364057
445,64 days 15:00:00,32029979.34635336,5659.503454045536,4055.8003757392003,0.20652600429336476,0.16397619238323236,0.19380551212423397,0.5607718894009219
446,64 days 18:00:00,31803775.475269362,5639.483617785352,4038.400492937073,0.20593564888814467,0.16284104509013161,0.19322146180354993,0.5648041474654378
447,64 days 21:00:00,31434536.96432061,5606.651136313068,4013.1902832856913,0.20455755965970063,0.16059874064674692,0.1920205039371364,0.5688364055299538
448,65 days 00:00:00,30996923.07678618,5567.4880401116425,3984.8554350938225,0.20341353258745956,0.1593582590761315,0.19097354167402825,0.5728686635944705
449,65 days 03:00:00,30553819.445579037,5527.550944638958,3952.9709925041184,0.20201227474875885,0.15783125036770118,0.1896563594210691,0.5763248847926264
450,65 days 06:00:00,30195445.93504456,5495.038301508422,3924.874123141758,0.20085264116817442,0.1570770183465992,0.18847049099115973,0.5783410138248848
451,65 days 09:00:00,29813029.22170583,5460.130879539961,3897.8748701218265,0.19955063036989526,0.15581064421104457,0.1872081738173013,0.5809331797235024
452,65 days 12:00:00,29440341.48214726,5425.895454406329,3868.4458205719616,0.19838380384719492,0.15282190727742978,0.18596970817282443,0.5853494623655913
453,65 days 15:00:00,28956538.240372814,5381.1279710087565,3830.6435753914734,0.19685427058722962,0.15232119297245528,0.18442876034535874,0.5901497695852534
454,65 days 18:00:00,28644757.57755245,5352.079743198195,3806.755640666044,0.1961422205235318,0.15131841499696155,0.18363822686856401,0.5933179723502304
455,65 days 21:00:00,28158321.37070895,5306.44149790695,3772.999929727899,0.19459610263763594,0.15182876717732324,0.18218739950405566,0.5961981566820278
456,66 days 00:00:00,27572283.851553254,5250.931712710922,3734.9425148777123,0.19308010463557518,0.15021065514154586,0.18073721477140445,0.6002304147465436
457,66 days 03:00:00,27070543.322315432,5202.936029043162,3701.4328699698826,0.19146938345956235,0.1494531808996846,0.17925700357130495,0.6033986175115209
458,66 days 06:00:00,26727508.59511194,5169.865432979077,3677.3117705541854,0.19027587820653344,0.1490249403717237,0.1781870210683281,0.605414746543779
459,66 days 09:00:00,26352798.504335824,5133.497687185202,3652.1564087764114,0.1889591475401537,0.1485997441164219,0.17698691059905955,0.6082949308755764
460,66 days 12:00:00,25941322.795401037,5093.262490329851,3625.9496853930073,0.18761027625519267,0.1468916354665804,0.1758325933717297,0.609447004608295
461,66 days 15:00:00,25576429.664276756,5057.314471562625,3599.76666158415,0.18603744308102824,0.14608298725985475,0.17458425265789274,0.6094470046082949
462,66 days 18:00:00,25325529.507036127,5032.447665603302,3580.049937426958,0.1847608667818102,0.1457876618159024,0.1736539346773906,0.608582949308756
463,66 days 21:00:00,24967878.765339386,4996.786844096853,3556.636267906586,0.18318289082900893,0.14551068894343894,0.17245679037270542,0.6074308755760371
464,67 days 00:00:00,24461007.536409743,4945.807066233957,3523.294104128479,0.1814400340935347,0.14516049962734204,0.1709748004749811,0.6103110599078345
465,67 days 03:00:00,24090169.46352909,4908.173740153164,3494.741092813091,0.17987874833818693,0.14170115018503654,0.16960650185039772,0.6126152073732722
466,67 days 06:00:00,23789859.38486546,4877.484944606745,3465.8238648507186,0.1782910861578295,0.1386867522727395,0.1680497784963389,0.6134792626728112
467,67 days 09:00:00,23465726.780473668,4844.143554899428,3438.4009349896614,0.17669371809204526,0.13697129429892457,0.1664928432721608,0.6154953917050691
468,67 days 12:00:00,23037882.526527815,4799.779424778582,3407.44768735505,0.17506338357464624,0.1363375369304015,0.1650383903723799,0.6175115207373275
469,67 days 15:00:00,22803653.421637055,4775.317101684144,3386.1875993565304,0.17375950574699472,0.13559727647686898,0.16397502857897092,0.6183755760368667
470,67 days 18:00:00,22745137.79821814,4769.1862826081915,3372.0814689313133,0.17286627270996907,0.1349204614431327,0.1632356902815001,0.6212557603686639
471,67 days 21:00:00,22497349.102903627,4743.137052932756,3347.8653644401697,0.17119930756959176,0.12837762600770136,0.16180737211822224,0.6255760368663597
472,68 days 00:00:00,22135360.001543134,4704.823057410676,3319.788438942154,0.1697167038641024,0.12666906492629434,0.16052634325480322,0.6275921658986174
473,68 days 03:00:00,21871606.17768585,4676.708904527397,3297.3627688717534,0.16859398873050147,0.12249704503411493,0.15950114314277766,0.6296082949308752
474,68 days 06:00:00,21774874.40051467,4666.3555801626035,3279.710515620689,0.16741223241841982,0.12064276505455271,0.15841255290285552,0.6304723502304143
475,68 days 09:00:00,21703008.675774183,4658.648803652641,3264.629869419088,0.16619588435152519,0.11810329466073047,0.157301647577212,0.6336405529953916
476,68 days 12:00:00,21679176.979543585,4656.090310501246,3257.672444662574,0.1656751279378723,0.11759678780608626,0.15689449157693436,0.6336405529953913
477,68 days 15:00:00,21660076.171600983,4654.038694682392,3252.2596327355222,0.1652343716515162,0.1174704811623978,0.15657855474753235,0.6336405529953918
478,68 days 18:00:00,21627482.45953799,4650.535717477933,3245.4053010244315,0.164759584983746,0.11601954149611755,0.15628442993301384,0.6336405529953916
479,68 days 21:00:00,21576823.312115103,4645.085931617961,3239.084381241966,0.1641619687300213,0.11597015163095731,0.1558316561870432,0.6356566820276499
480,69 days 00:00:00,21565561.250672136,4643.873517945136,3238.7333389312694,0.16417397812603265,0.11586825472120034,0.1559588569447323,0.6356566820276498
481,69 days 03:00:00,21622211.75323947,4649.9690056213785,3245.297903627664,0.16459462148169643,0.11598264709938189,0.15649262256755908,0.6356566820276496
482,69 days 06:00:00,21629159.681843974,4650.71603969152,3242.7210897042055,0.16435291605782065,0.11598264709938189,0.15639104670985104,0.63565668202765
483,69 days 09:00:00,21614184.445976812,4649.105768422226,3241.5170853720538,0.16405321387700295,0.11586825472120034,0.15627177640193143,0.6336405529953917
484,69 days 12:00:00,21685393.520102683,4656.757833525669,3250.0348616611236,0.1644832157991639,0.11607845765948882,0.15688730609019613,0.6336405529953917
485,69 days 15:00:00,21731192.341086525,4661.672697764883,3257.16255651026,0.16489760155962915,0.11607845765948882,0.15747263677430895,0.6316244239631338
486,69 days 18:00:00,21786676.23758061,4667.619975702886,3264.3802114327286,0.16534443838058666,0.11661961366484638,0.15803669806780532,0.6307603686635939
487,69 days 21:00:00,21832540.959986407,4672.530466458877,3274.4755567381335,0.1657188106755393,0.11759678780608626,0.15851729708705334,0.629896313364056
488,70 days 00:00:00,21916657.23916266,4681.522961511848,3286.8737747622577,0.16646896726834717,0.11828054131052682,0.1593335335594714,0.6290322580645161
489,70 days 03:00:00,21951320.15946083,4685.223597594978,3291.805796458624,0.16694106179932647,0.11883824733187373,0.159829958309047,0.6281682027649772
490,70 days 06:00:00,21768048.420504723,4665.624119076109,3275.678106175893,0.16652138027220809,0.11943906498933399,0.15953706074570398,0.6310483870967742
491,70 days 09:00:00,21639546.694409464,4651.832616766156,3265.3669035031085,0.16592221618563252,0.11943906498933399,0.1591109879581477,0.6310483870967739
492,70 days 12:00:00,21667977.756849058,4654.887512802974,3267.4319095871283,0.16627641623713543,0.11965193218429226,0.15938429654881422,0.630184331797235
493,70 days 15:00:00,21613692.388321977,4649.05284851893,3264.1426819856156,0.1662427052694264,0.11965193218429226,0.15940303000701259,0.6313364055299542
494,70 days 18:00:00,21492023.65287872,4635.949056329105,3257.4217196018217,0.1661496633269102,0.12107996880915214,0.15942553388602476,0.630472350230415
495,70 days 21:00:00,21324164.871114623,4617.809531705982,3250.8039267429303,0.16564617976014154,0.12354240473965429,0.15914372172248942,0.6296082949308759
496,71 days 00:00:00,21233099.16150502,4607.938710693212,3246.4807436170504,0.1653349878350063,0.12451398055997423,0.1589706890162084,0.6287442396313365
497,71 days 03:00:00,21172990.85384074,4601.41183267057,3249.652805777364,0.16572613174674064,0.12510680577200567,0.15952351842964307,0.627880184331797
498,71 days 06:00:00,21069088.70829005,4590.107701164544,3246.689621201188,0.16594712353936042,0.12510680577200567,0.15998207210078072,0.6278801843317972
499,71 days 09:00:00,21026004.026503287,4585.412089060621,3250.062529098484,0.16599767843786914,0.1273081636628326,0.1603436684550168,0.6275921658986172
500,71 days 12:00:00,21058007.49364487,4588.900466739813,3258.3804172080686,0.16604212145444733,0.12837762600770136,0.1606828549789646,0.6255760368663594
501,71 days 15:00:00,21182651.97508297,4602.461512612895,3283.172212172697,0.16720348832715007,0.1349204614431327,0.16208523027957622,0.6215437788018436
502,71 days 18:00:00,21137851.411722194,4597.591914439797,3288.081186304609,0.1675143046212379,0.13602348228011457,0.16277104109113724,0.6175115207373275
503,71 days 21:00:00,21005356.799336705,4583.160132412646,3289.49522089864,0.16736165349528945,0.13720554854152456,0.1630732109095061,0.6137672811059904
504,72 days 00:00:00,20843446.345110033,4565.462336402528,3291.2179107800125,0.16709351911520626,0.13871546363828924,0.16331584097212457,0.6117511520737325
505,72 days 03:00:00,20892578.079605587,4570.839975278678,3300.532702554189,0.1675928304190377,0.1396789255072713,0.16407326078546286,0.6117511520737324
506,72 days 06:00:00,20969827.25489804,4579.282395190106,3307.9592503249455,0.1679308878933978,0.14175927952251238,0.16470527027041032,0.611559139784946
507,72 days 09:00:00,21099233.94115159,4593.39024481391,3326.302245578549,0.16870652304638992,0.14293177519581132,0.16582531408404408,0.6105990783410135
508,72 days 12:00:00,21171732.953147158,4601.2751442559,3337.7702334561372,0.1691906152728608,0.14293177519581132,0.16655530851452785,0.6122311827956989
509,72 days 15:00:00,21173641.87343593,4601.482573414348,3339.613375749323,0.16928563481617898,0.14175927952251238,0.16690033331385237,0.6139112903225805
510,72 days 18:00:00,21063369.6886368,4589.484686610992,3325.8768506335705,0.16873031738635963,0.14047803747043291,0.1666837953122113,0.6149193548387095
511,72 days 21:00:00,20903067.85428778,4571.9872981328135,3316.469458899639,0.16814872345633364,0.14047803747043291,0.166496985099808,0.6179435483870965
512,73 days 00:00:00,20881074.930937167,4569.581483127002,3318.5644821423366,0.16838296361321364,0.14047803747043291,0.1669861483751199,0.6169354838709679
513,73 days 03:00:00,20859310.73451472,4567.199441070504,3316.586926835263,0.1684095403233169,0.14047803747043291,0.16732640873199076,0.6173387096774194
514,73 days 06:00:00,20770489.834766105,4557.46528618333,3311.400692228059,0.168056392138297,0.14078246699214286,0.16744551523900025,0.616935483870968
515,73 days 09:00:00,20706523.743759196,4550.4421481609015,3304.5801349008175,0.16756182627200325,0.14047803747043291,0.1673711122734881,0.6155913978494628
516,73 days 12:00:00,20610076.55940479,4539.832217098424,3301.372945921847,0.16725297037896505,0.1396789255072713,0.16749177118285088,0.6157834101382493
517,73 days 15:00:00,20495156.937854655,4527.157710733596,3300.900235533137,0.16718073240341902,0.14000479461906284,0.16791522623479516,0.6137672811059909
518,73 days 18:00:00,20359173.83473021,4512.11412031325,3296.1189396297923,0.166880879744078,0.14047803747043291,0.16812931375848986,0.6117511520737328
519,73 days 21:00:00,20351217.446161386,4511.232364461111,3302.1666014930115,0.16711799368546687,0.14078246699214286,0.16870842367749744,0.6077188940092164
520,74 days 00:00:00,20393537.938912403,4515.920497408297,3311.6769532848903,0.16756244836599904,0.1428633875596475,0.16946217253687434,0.6057027649769585
521,74 days 03:00:00,20472056.674454324,4524.605692704539,3321.446283250026,0.16790948033130734,0.14396138698360234,0.17017022583483468,0.6036866359447006
522,74 days 06:00:00,20555764.980514377,4533.846598696782,3329.74597511163,0.1681441013618449,0.14587292913017458,0.1708524200059095,0.6016705069124424
523,74 days 09:00:00,20719755.77281817,4551.895843801588,3341.019539987367,0.16826805805076384,0.14396138698360234,0.17127846984436274,0.601094470046083
524,74 days 12:00:00,20842252.036605697,4565.331536329612,3354.1032942149577,0.16856035843865919,0.1473723773068366,0.17190638221619672,0.5985023041474657
525,74 days 15:00:00,20905213.903506022,4572.221987557693,3365.628307786234,0.16875686785307567,0.14831500511484302,0.17246919483588685,0.595910138248848
526,74 days 18:00:00,20912433.133563433,4573.011385680494,3374.6099526350877,0.16910119324431644,0.14996510993650825,0.1733701806861671,0.5918778801843319
527,74 days 21:00:00,20929645.702761356,4574.892971727465,3382.592889970031,0.16902148944493256,0.14996510993650825,0.17374197508479422,0.589861751152074
528,75 days 00:00:00,21046860.86496038,4587.685785334516,3397.882037967013,0.1696766510584312,0.14996510993650825,0.1746944885773882,0.5858294930875575
529,75 days 03:00:00,21301266.711265296,4615.329534417374,3420.5419756513875,0.1706108252554937,0.15272092204791612,0.175900883449089,0.5838133640552997
530,75 days 06:00:00,21521963.435536806,4639.177021362389,3438.280779825895,0.17139402566254242,0.15491576055124942,0.177021649701905,0.5817972350230413
531,75 days 09:00:00,21737298.393072885,4662.327572476314,3457.2123392124954,0.17200267833675015,0.1567253446598864,0.1779874125790288,0.5777649769585254
532,75 days 12:00:00,21939681.54509852,4683.9813775354105,3478.0124011851594,0.17296336492982156,0.1572604965970054,0.17920166664351905,0.5763248847926267
533,75 days 15:00:00,22119028.948758077,4703.08717214109,3496.008227651133,0.1737680966630769,0.15984904782745019,0.1801785360000662,0.5743087557603687
534,75 days 18:00:00,22271096.189114567,4719.226227795672,3511.9660728887584,0.1745757561842709,0.15984904782745019,0.1811898835812053,0.5722926267281104
535,75 days 21:00:00,22408235.8103171,4733.733812786382,3531.2632444558453,0.17533157686608747,0.1603435731742648,0.1821421948272106,0.5702764976958523
536,76 days 00:00:00,22600693.583862394,4754.018677273197,3552.689366080127,0.17644089287646597,0.16066207791661918,0.1833951386220113,0.5676843317972352
537,76 days 03:00:00,22914600.146486904,4786.919692922256,3583.9275176719534,0.1780596473766185,0.16127859876982276,0.18533089393604002,0.5636520737327191
538,76 days 06:00:00,23090385.124723673,4805.245584226021,3607.7197862663857,0.1794843561226804,0.16539203934055605,0.1871683726009079,0.5576036866359446
539,76 days 09:00:00,23200925.053698286,4816.733857470048,3628.491180698325,0.18057598670748393,0.16668545214359218,0.1885968198522557,0.5555875576036862
540,76 days 12:00:00,23401409.055746306,4837.50028999961,3651.295002788936,0.18177755321103306,0.16783110560529876,0.19001818954379013,0.5515552995391702
541,76 days 15:00:00,23587243.697884336,4856.670021515188,3672.984098350129,0.1829513057441571,0.16813828037849687,0.19132755286622796,0.548099078341014
542,76 days 18:00:00,23673593.241533197,4865.551689329093,3691.948052997016,0.1841947726722681,0.1690097214995932,0.19282584525517724,0.5460829493087553
543,76 days 21:00:00,23763322.853039477,4874.76387664464,3708.9746809311896,0.18490972081769877,0.16936381963409397,0.193774409447482,0.5434907834101382
544,77 days 00:00:00,24021151.424536817,4901.137768369383,3734.064760779087,0.1862395807618989,0.16908336908906746,0.19521946317488414,0.5414746543778804
545,77 days 03:00:00,24494623.33879671,4949.204313705053,3771.178924762176,0.18796774436792282,0.17146405357169264,0.1972486521787378,0.5394585253456223
546,77 days 06:00:00,25029273.929606173,5002.92653649903,3813.5111368265934,0.18993430474314973,0.17319391327779882,0.1996996265333859,0.5380184331797233
547,77 days 09:00:00,25522351.1697928,5051.965080025079,3852.3698116097926,0.19147655385104245,0.17352835617869938,0.2016330503055358,0.5374423963133637
548,77 days 12:00:00,26075192.506804124,5106.387422317673,3891.0946724353644,0.19306484207521074,0.1755065437233857,0.20353321307947897,0.536002304147465
549,77 days 15:00:00,26569162.92386258,5154.52839005302,3928.598991718817,0.19465864997559462,0.17627567668305255,0.20542828648232786,0.5339861751152069
550,77 days 18:00:00,27044695.201393966,5200.451442076348,3967.957481131659,0.19667565260687112,0.17651151626363912,0.2077858561117245,0.5319700460829495
551,77 days 21:00:00,27524876.871592954,5246.41562131642,4003.6095336693015,0.198041156090341,0.17651151626363912,0.20940540123589052,0.5293778801843317
552,78 days 00:00:00,28022222.069499895,5293.601993869571,4034.9312369176664,0.19927423653802753,0.17692131353904367,0.21085811448947006,0.5279377880184333
553,78 days 03:00:00,28605713.97245964,5348.430982303094,4078.665109024483,0.20137266973981305,0.1783539353076818,0.21320121297122935,0.523905529953917
554,78 days 06:00:00,29179591.74886102,5401.813746220895,4122.2031111820725,0.20381354131956583,0.17924750027918374,0.21586708378876704,0.5198732718894004
555,78 days 09:00:00,29844074.75187053,5462.973068931471,4169.29180481354,0.2060875170284553,0.18061580674727462,0.218324322901863,0.5164170506912439
556,78 days 12:00:00,30458476.32907283,5518.919851662355,4206.3798944946,0.2076353125100265,0.18241778528687638,0.22008944980124115,0.5158410138248848
557,78 days 15:00:00,30935542.31704118,5561.972879926796,4237.439241400036,0.20892726155556937,0.18504208224661076,0.22159635834402086,0.5123847926267278
558,78 days 18:00:00,31349104.09835927,5599.027067121508,4267.91160638638,0.21052466639252573,0.18629066128816482,0.22344576159965285,0.5100806451612903
559,78 days 21:00:00,31906481.59040231,5648.582263754535,4299.150869681989,0.211518419590395,0.18733219441338791,0.224699239642287,0.5090725806451615
560,79 days 00:00:00,32490267.336411957,5700.023450514213,4326.823785131552,0.21243249433355185,0.1882355539487391,0.2258280917692512,0.5080645161290323
561,79 days 03:00:00,33078207.495746925,5751.365707007939,4364.577263719946,0.21386240291157202,0.18908868857529515,0.22765875880322303,0.507056451612903
562,79 days 06:00:00,33734748.946751185,5808.162269319891,4412.011899808087,0.21578528046888953,0.19014465452441093,0.2300492679431296,0.5034562211981565
563,79 days 09:00:00,34452354.47468974,5869.612804494836,4457.902764626431,0.21742518475082453,0.1912065949290809,0.23205264412586582,0.5011520737327186
564,79 days 12:00:00,35115805.796529554,5925.859076668087,4501.759319523586,0.21914749258474167,0.1937826316779039,0.23413000905686604,0.4999999999999999
565,79 days 15:00:00,35572489.780036114,5964.2677488553545,4539.246836433213,0.2207328463383697,0.19625463086889192,0.23602146524730663,0.4949596774193548
566,79 days 18:00:00,35967708.854496814,5997.308467512474,4573.049865032762,0.2223579716104657,0.19764016256292383,0.23795942797655245,0.49193548387096764
567,79 days 21:00:00,36607057.216827095,6050.376617767451,4615.804012738807,0.22404498150671892,0.19802225974795373,0.23994236407204325,0.48891129032258074
568,80 days 00:00:00,37397700.851773135,6115.365962211349,4660.446965105161,0.22569662578950556,0.19905647988397251,0.24176628363003702,0.48790322580645185
569,80 days 03:00:00,38172729.340703726,6178.408317738778,4707.804993861094,0.2273538761812957,0.19905647988397251,0.24358272818189322,0.4861751152073732
570,80 days 06:00:00,38938784.425438,6240.094905162741,4757.808042728494,0.229434689528064,0.20023961624492764,0.24588021558570516,0.4841589861751153
571,80 days 09:00:00,39783207.92394953,6307.393116331781,4806.872885816258,0.23116818646032505,0.20257609755759448,0.2478084822158611,0.4821428571428573
572,80 days 12:00:00,40605442.34958105,6372.239978969801,4852.953534039368,0.23272900993438547,0.20555209919456524,0.2494786066496505,0.48156682027649755
573,80 days 15:00:00,41173581.05176233,6416.6643243793205,4890.076170955572,0.23407118885611686,0.20817280843810565,0.2507870986423064,0.4795506912442396
574,80 days 18:00:00,41651066.91384035,6453.763778899903,4923.88310395127,0.23572559549447958,0.2102306692234326,0.25234413932926164,0.4763824884792625
575,80 days 21:00:00,42267682.22433981,6501.36002882011,4959.814936795723,0.23696675710645823,0.2128252764864497,0.25348530471654,0.4763824884792627
576,81 days 00:00:00,42842745.843350805,6545.437024626453,4992.162690348761,0.23805413952094232,0.21302346362854607,0.254410848070302,0.4752304147465438
577,81 days 03:00:00,43207120.635001935,6573.2123527999565,5014.523575409202,0.2388931423822255,0.21427249074437293,0.2550177155067073,0.47523041474654376
578,81 days 06:00:00,43489140.39249448,6594.629663028431,5032.047997143964,0.23968632104072216,0.21332414646023581,0.2555934857988813,0.4752304147465439
579,81 days 09:00:00,43859635.10101878,6622.660726703338,5051.911717008826,0.24039620649866417,0.21518709003020034,0.2560757958238104,0.47407834101382507
580,81 days 12:00:00,44247206.20453997,6651.857349984286,5074.451964532455,0.2413312382455412,0.21518709003020034,0.2567369232900533,0.47206221198156695
581,81 days 15:00:00,44647343.65567899,6681.86677925256,5099.780202251362,0.242529621283993,0.21518709003020034,0.25755281192906937,0.47119815668202797
582,81 days 18:00:00,45028877.51383029,6710.35599009697,5123.039034034189,0.24390271536708405,0.2166408265946283,0.2585433568858907,0.47004608294930894
583,81 days 21:00:00,45444508.08859494,6741.254192551631,5143.52526808936,0.24471154208192994,0.21701109501417992,0.25900243907511505,0.46918202764976974
584,82 days 00:00:00,45843346.22258752,6770.771464359695,5163.692390366675,0.24549908754421326,0.21961638842027573,0.25938891753176035,0.4691820276497696
585,82 days 03:00:00,46356715.62040917,6808.576622202997,5189.715646878845,0.2468620780113429,0.21795828892674896,0.26010549206089456,0.4680299539170508
586,82 days 06:00:00,46817072.61383641,6842.30024288882,5211.6393258213375,0.2482101658561462,0.21795828892674896,0.26082112291458587,0.4671658986175117
587,82 days 09:00:00,47310625.269452795,6878.271968267379,5233.505537297339,0.24938282919645224,0.21961638842027573,0.26142556865617605,0.4660138248847927
588,82 days 12:00:00,47844589.777305365,6916.97837045233,5255.154202766893,0.2507246371806003,0.21961638842027573,0.26196669780955395,0.4651497695852533
589,82 days 15:00:00,48380350.579004586,6955.598506167861,5275.728753822047,0.25195495814133845,0.21961638842027573,0.2623212194255994,0.4651497695852534
590,82 days 18:00:00,48877774.202168345,6991.264134773363,5291.375956725189,0.2531353853503644,0.21961638842027573,0.262619443816448,0.4663018433179722
591,82 days 21:00:00,49427647.039394446,7030.4798584018745,5309.467276599009,0.2541824867675382,0.22113928454875395,0.26288448507902085,0.4671658986175117
592,83 days 00:00:00,49939701.53367579,7066.802780159907,5328.220869601305,0.2553982866466921,0.22113928454875395,0.2632494784119554,0.4671658986175117
593,83 days 03:00:00,50524962.75157693,7108.091357852467,5342.9085470051305,0.25678336087127873,0.22113928454875395,0.26350645111180365,0.4691820276497697
594,83 days 06:00:00,51072792.805904016,7146.523127081029,5361.1845775668935,0.2586512987879183,0.22183964447984963,0.2642118518123128,0.4704301075268818
595,83 days 09:00:00,51665355.22518325,7187.86165873991,5381.4863273258425,0.2605134376513046,0.22183964447984963,0.2649975096850041,0.4707661290322583
596,83 days 12:00:00,52239303.215334214,7227.676197460302,5393.1699509204855,0.26222978338339137,0.22250428825726037,0.26544995665484045,0.473790322580645
597,83 days 15:00:00,52840673.71563589,7269.159078988153,5409.48026507728,0.263770146573178,0.22183964447984963,0.2655974663796393,0.4758064516129033
598,83 days 18:00:00,53418720.83989015,7308.811178289541,5427.003295228127,0.26580008977893493,0.22183964447984963,0.2663005092013037,0.47580645161290336
599,83 days 21:00:00,54056835.889064685,7352.3354037383715,5447.249014688443,0.2675184329520875,0.22250428825726037,0.2668215587160613,0.4778225806451612
600,84 days 00:00:00,54536681.52782346,7384.895498774743,5456.28964823362,0.268949996045354,0.2217713979021243,0.26699708675524125,0.47983870967741943
601,84 days 03:00:00,54937307.57996057,7411.970559841733,5459.721674343104,0.2702883442792993,0.21795828892674896,0.26692379797396826,0.4818548387096772
602,84 days 06:00:00,55283999.013200544,7435.321043048548,5460.169928557315,0.27185152221609393,0.2175147298414514,0.26699447346160077,0.4858870967741935
603,84 days 09:00:00,55659331.38882995,7460.518171603762,5460.959095567011,0.2731044726505803,0.21606374243570706,0.26686313623808083,0.48588709677419356
604,84 days 12:00:00,56124830.28351189,7491.650704852162,5460.180874740475,0.2744464019811791,0.2149674155965266,0.26671300917884916,0.48991935483870974
605,84 days 15:00:00,56545420.868578084,7519.6689334423545,5461.438641903465,0.2757160645861811,0.21332414646023581,0.2665283203501179,0.4939516129032258
606,84 days 18:00:00,56923617.71701761,7544.774199206867,5455.760539841727,0.27696235066219166,0.21284569096426398,0.26625721616941145,0.49798387096774205
607,84 days 21:00:00,57333390.514828116,7571.881570311842,5450.757756511909,0.27787490998159275,0.21151219657594572,0.26577332407541066,0.5020161290322582
608,85 days 00:00:00,57573509.08050315,7587.720941132663,5435.417718248728,0.2783516641945473,0.20782864033622206,0.26468586353922785,0.5060483870967741
609,85 days 03:00:00,57804517.70765225,7602.928232441252,5425.075031833428,0.2789351988168309,0.20481548760482776,0.26365312336200547,0.5120967741935483
610,85 days 06:00:00,58051033.12444661,7619.122857944122,5415.493378189343,0.279940998922826,0.2037046917021975,0.26304061100112114,0.5141129032258067
611,85 days 09:00:00,58250067.2849498,7632.173169219223,5407.913127161742,0.28094835655928274,0.2001680712606102,0.2625828177418694,0.5161290322580648
612,85 days 12:00:00,58521765.22692374,7649.951975465188,5401.046439916663,0.28214419325379914,0.19798472611701645,0.2621736836323155,0.520161290322581
613,85 days 15:00:00,58782401.79774303,7666.968227255349,5389.726854938973,0.2827663208415572,0.19702088502427034,0.26118588288669636,0.524193548387097
614,85 days 18:00:00,58976817.85833773,7679.636570719849,5375.034638359839,0.28368296414607813,0.1908489284257342,0.26051060913531954,0.5282258064516133
615,85 days 21:00:00,59183402.966171525,7693.075000685456,5365.489522905196,0.2845582754584857,0.18577594255112334,0.25994915832458987,0.5302419354838714
616,86 days 00:00:00,59214282.39700624,7695.081701775897,5346.920387445298,0.2851832042551553,0.18273395310654042,0.25893504460414796,0.530241935483871
617,86 days 03:00:00,59196213.295192994,7693.907543972243,5326.437706975598,0.28552556152328296,0.18068957617884873,0.2575906386990728,0.5302419354838709
618,86 days 06:00:00,59203880.114064425,7694.405767443281,5308.743866693189,0.28650002411624786,0.17564921285440893,0.2568446660634448,0.5302419354838711
619,86 days 09:00:00,59150301.20823084,7690.923300113637,5288.851081557318,0.28718552340973136,0.1709550116461685,0.2559395334826173,0.532258064516129
620,86 days 12:00:00,59173290.836222775,7692.417749721006,5269.819078335149,0.2879610097077028,0.169012976437784,0.2549877983754747,0.5342741935483872
621,86 days 15:00:00,59150910.22288941,7690.962893090137,5242.756584196295,0.2878139615055716,0.16500600207870703,0.2531780207886537,0.5362903225806454
622,86 days 18:00:00,59085059.83320073,7686.680677197455,5215.970240508824,0.28826020691325543,0.1641993148501193,0.2519836812370737,0.5383064516129031
623,86 days 21:00:00,59078808.8007028,7686.27405188644,5198.036487090998,0.28887895042956757,0.15937794711292935,0.25111566613322855,0.5383064516129036
624,87 days 00:00:00,58957606.8652955,7678.385693965594,5167.49315287866,0.2886509378175344,0.1553244919001333,0.24937261046801365,0.5443548387096772
625,87 days 03:00:00,58620136.90890993,7656.378837865191,5124.411279238465,0.28673967337940337,0.1466036703732042,0.24648058133731127,0.5483870967741933
626,87 days 06:00:00,58238431.582433514,7631.410851371686,5079.974848693461,0.28532984714687665,0.1437263341752375,0.24400677442455312,0.5524193548387096
627,87 days 09:00:00,57899215.92523861,7609.153430260071,5041.23575689802,0.2843638703202957,0.13771738853418974,0.24195462686026675,0.556451612903226
628,87 days 12:00:00,57642814.2743902,7592.286498439729,5005.477670312987,0.2833401424205816,0.13420770644661084,0.23990100444514725,0.5604838709677417
629,87 days 15:00:00,57455674.98342475,7579.95217553678,4970.51655372875,0.28192089425020483,0.13060625086904684,0.23745984034800408,0.5645161290322578
630,87 days 18:00:00,57085953.769727014,7555.524718358548,4930.186275558407,0.2811239183611107,0.12740565418371042,0.2355560445703909,0.5685483870967741
631,87 days 21:00:00,56697882.326721355,7529.799620622142,4895.041678562248,0.28035713611594193,0.12582830910556406,0.23384128884746125,0.5705645161290323
632,88 days 00:00:00,56411457.61136448,7510.756127805274,4860.714411278469,0.27949881962857326,0.12117283317116144,0.2319550313803163,0.5734447004608297
633,88 days 03:00:00,55978880.31596268,7481.903522230334,4822.786534140917,0.2780886917963919,0.11542185664461799,0.22975694425960316,0.5763248847926267
634,88 days 06:00:00,55495458.10438521,7449.527374564457,4785.329720699984,0.27700447462242617,0.11014227661299963,0.22789820055063426,0.5792050691244235
635,88 days 09:00:00,55036360.26692491,7418.649490771545,4750.663216314068,0.27601834364292427,0.1096914062795609,0.2261844857199511,0.5820852534562212
636,88 days 12:00:00,54607975.51452434,7389.72093617373,4715.322565877033,0.2747939976337362,0.10820852200626144,0.22433709864185253,0.5855414746543781
637,88 days 15:00:00,54359715.50816189,7372.904143426923,4687.37494503187,0.27386032372626185,0.10474502010600945,0.22273680999911005,0.5901497695852534
638,88 days 18:00:00,54172449.575931996,7360.19358277566,4663.385807913468,0.2731374042622112,0.10285785135264984,0.22125497645156197,0.594758064516129
639,88 days 21:00:00,53778304.15202326,7333.3692223986145,4630.016478004984,0.2722127109323528,0.10192024212760775,0.21963670563849189,0.5993663594470047
640,89 days 00:00:00,53162724.49181049,7291.277288089549,4587.480260141975,0.2708832131722937,0.10036441881778277,0.21766597017305045,0.6016705069124422
641,89 days 03:00:00,52557823.34299311,7249.677464756147,4544.051819344809,0.2694262147733051,0.0978094598306058,0.2156319100653509,0.6036866359447004
642,89 days 06:00:00,51983492.63297097,7209.957880110741,4503.7583744959,0.2681252806030918,0.09636855870663097,0.21368902388535968,0.6057027649769584
643,89 days 09:00:00,51287603.377297014,7161.536383856262,4464.276701121553,0.26691031395994463,0.09636855870663097,0.21199399030188068,0.6077188940092165
644,89 days 12:00:00,50538183.32536431,7109.021263532998,4419.318279276584,0.2653625581467577,0.09602767307168142,0.21008084704798569,0.6097350230414745
645,89 days 15:00:00,50143304.26435595,7081.193703349453,4387.9858534936175,0.26431363903764943,0.09573896091094353,0.2085968866241387,0.6134792626728107
646,89 days 18:00:00,49870258.981124096,7061.887777437708,4359.341305047999,0.263395287435832,0.0945010908002506,0.20713642577599864,0.6189516129032253
647,89 days 21:00:00,49418733.94875968,7029.84594061347,4331.035034724012,0.2624845911170629,0.09413525842717212,0.20601010908355594,0.6209677419354837
648,90 days 00:00:00,48973339.24483904,6998.095401238757,4303.070534439061,0.26155736717112815,0.09413525842717212,0.20488547471329063,0.622983870967742
